"3","Down Hill",,"1",NULL,"files/levels/L3_file.json","files/levels/L3_image.jpg","files/levels/L3_image_mac.jpg","2",NULL,"1 0 0 0","1",NULL,"{""ramp"":""XLltCEyZSuI""}","{""ramp"":""cmnh3F7uzls""}","6Ppx1WRneY4","zHAXMa81Upw","Newton’s 1st law","NFL",NULL,NULL,NULL,,"2",,,NULL,,NULL,NULL,NULL,NULL,NULL,"Try drawing a ramp.",NULL,NULL,"1557661807"
"6","Nudge",,"1",NULL,"files/levels/L6_file.json","files/levels/L6_image.jpg","files/levels/L6_image_mac.jpg",NULL,NULL,,,NULL,,NULL,,NULL,NULL,,NULL,NULL,NULL,NULL,NULL,"level",,NULL,,NULL,NULL,NULL,NULL,NULL,NULL,NULL,NULL,"1520476484"
"7","Ramp",,"1",NULL,"files/levels/L7_file.json","files/levels/L7_image.jpg","files/levels/L7_image_mac.jpg",NULL,NULL,,,NULL,,NULL,,NULL,NULL,,NULL,NULL,NULL,NULL,NULL,"level","ramp",NULL,,NULL,NULL,NULL,NULL,NULL,NULL,NULL,NULL,"1517792227"
"8","Lever",,"1",NULL,"files/levels/L8_file.json","files/levels/L8_image.jpg","files/levels/L8_image_mac.jpg",NULL,NULL,,,NULL,,NULL,,NULL,NULL,,NULL,NULL,NULL,NULL,NULL,"level","lever",NULL,,NULL,NULL,NULL,NULL,NULL,NULL,NULL,NULL,"1517792240"
"9","Pendulum",,"1",NULL,"files/levels/L9_file.json","files/levels/L9_image.jpg","files/levels/L9_image_mac.jpg",NULL,NULL,,,NULL,,NULL,,NULL,NULL,,NULL,NULL,NULL,NULL,NULL,"level","pendulum",NULL,,NULL,NULL,NULL,NULL,NULL,NULL,NULL,NULL,"1514995226"
"10","Springboard",,"1",NULL,"files/levels/L10_file.json","files/levels/L10_image.jpg","files/levels/L10_image_mac.jpg",NULL,NULL,,,NULL,,NULL,,NULL,NULL,,NULL,NULL,NULL,NULL,NULL,"level","springboard",NULL,,NULL,NULL,NULL,NULL,NULL,NULL,NULL,NULL,"1514995247"
"11","Around the Tree",,"1",NULL,"files/levels/L11_file.json","files/levels/L11_image.jpg","files/levels/L11_image_mac.jpg","3",NULL,,,NULL,"{""ramp"":""6g0fi97mqr4""}","{""ramp"":""QKGNMfQPvN4""}","6Ppx1WRneY4","uwv6CDekyyA","Gravitational potential energy","NFL",NULL,NULL,NULL,"Gravitational potential energy_f","3",,,NULL,,NULL,NULL,NULL,NULL,NULL,"Try drawing a ramp.",NULL,NULL,"1557694579"
"13","Frog",,"2",NULL,"files/levels/L13_file.txt","files/levels/L13_image.jpg",NULL,"3",NULL,NULL,NULL,NULL,"{""ramp"":"""",""ramq"":""rHgaXCRnuP4"",""ramr"":"""",""rams"":"""",""ramt"":"""",""ramu"":"""",""ramv"":"""",""ramw"":"""",""ramx"":"""",""ramy"":"""",""ramz"":""""}","{""air resistance"":""9hpxTNlP6Y0""}",,"aF40ldcOD4U","Newton’s 3rd law","ECD",NULL,NULL,NULL,,NULL,,,NULL,,NULL,NULL,NULL,NULL,NULL,"Try adjusting the air resistance slider.",NULL,NULL,"1557704229"
"14","Chocolate Factory",,"1",NULL,"files/levels/L14_file.json","files/levels/L14_image.jpg","files/levels/L14_image_mac.jpg","2",NULL,NULL,NULL,NULL,"{""ramp"":""gcXgtJ49rOA""}","{""ramp"":""QKGNMfQPvN4""}","6Ppx1WRneY4","R_VHk3JLffk","Inertia",,NULL,NULL,NULL,"Inertia_f","3",,,,,,,"w29k30uCbQE",,,"Try drawing a ramp.",,NULL,"1669149998"
"15","Lead the Ball",,"1",NULL,"files/levels/L15_file.json","files/levels/L15_image.jpg","files/levels/L15_image_mac.jpg","2",NULL,NULL,NULL,NULL,"{""ramp"":""rxee-772guU""}","{""ramp"":""QKGNMfQPvN4""}","6Ppx1WRneY4","PzfhJxHu8Pg","Acceleration",,NULL,NULL,NULL,"Acceleration_f","3",,,NULL,,NULL,NULL,NULL,NULL,NULL,,NULL,NULL,"1557658758"
"16","Flower Power",,"1",NULL,"files/levels/L16_file.txt","files/levels/L16_image.jpg","files/levels/L16_image_mac.jpg","3",NULL,NULL,NULL,NULL,"{""ramp"":""e_e_zsdzKnk""}","{""ramp"":""A7V2TDs9Cnc""}","6Ppx1WRneY4","MYXSFPCSmSc","Motion",,NULL,NULL,NULL,,"2",,,NULL,,NULL,NULL,NULL,NULL,NULL,,NULL,NULL,"1537742090"
"17","Through the Cracks",,"1",NULL,"files/levels/L17_file.json","files/levels/L17_image.jpg","files/levels/L17_image_mac.jpg","2",NULL,NULL,NULL,NULL,"{""ramp"":""RlPEQGfINgw"",""lever"":""WyHUQqIjah4""}","{""ramp"":""cmnh3F7uzls"",""lever"":""jZ2bVhcWv1g""}","6Ppx1WRneY4","PzfhJxHu8Pg","Acceleration","NFL",NULL,NULL,NULL,"Acceleration_f","2",,,NULL,,NULL,NULL,NULL,NULL,NULL,"Try drawing a ramp or a lever.",NULL,NULL,"1557709104"
"18","Clown Challenge",,"1",NULL,"files/levels/L18_file.json","files/levels/L18_image.jpg","files/levels/L18_image_mac.jpg","3",NULL,NULL,NULL,NULL,"{""ramp"":""OZ_gp5WkqUE""}",NULL,"6Ppx1WRneY4","zHAXMa81Upw","Newton’s 1st law",,NULL,NULL,NULL,NULL,"3",,,NULL,,NULL,NULL,NULL,NULL,NULL,NULL,NULL,NULL,"1515290466"
"19","Volcano",,"1",NULL,"files/levels/L19_file.json","files/levels/L19_image.jpg","files/levels/L19_image_mac.jpg","2",NULL,NULL,NULL,NULL,"{""ramp"":""bmCrJS2h_dk""}","{""ramp"":""cmnh3F7uzls""}","6Ppx1WRneY4","-Rcnqw-z5dQ","Kinetic Energy","NFL",NULL,NULL,NULL,"Kinetic Energy_f","2",,,NULL,,NULL,NULL,NULL,NULL,NULL,"Try drawing a ramp.",NULL,NULL,"1557696100"
"20","Newton's Cradle",,"1",NULL,"files/levels/L20_file.txt","files/levels/L20_image.jpg","files/levels/L20_image_mac.jpg","4",NULL,NULL,NULL,NULL,"{""pendulum"":""BDKzG0u3rhA""}","{""pendulum"":""smtv7P51ylY""}","8uXnzqy23AU","Je9fpWa2S0Q","Momentum Conservation","COM",NULL,NULL,NULL,,NULL,,,NULL,,NULL,NULL,NULL,NULL,NULL,"Try drawing a pendulum.",NULL,NULL,"1557687519"
"21","Need More Coffee",,"1",NULL,"files/levels/L21_file.json","files/levels/L21_image.jpg","files/levels/L21_image_mac.jpg","3",NULL,NULL,NULL,NULL,"{""ramp"":""t0v45bsO1_0"",""pendulum"":""izVUshrrikI""}",NULL,"8uXnzqy23AU","R_VHk3JLffk","Inertia",,NULL,NULL,NULL,"Inertia_f",NULL,,,NULL,,NULL,NULL,NULL,NULL,NULL,NULL,NULL,NULL,"1516058783"
"22","Freefall",,"1",NULL,"files/levels/L22_file.json","files/levels/L22_image.jpg","files/levels/L22_image_mac.jpg","2",NULL,NULL,NULL,NULL,"{""pendulum"":""Be13uJZ6soA""}","{""pendulum"":""smtv7P51ylY""}","8uXnzqy23AU","EOkk6GOBLvE","Free-fall","COM",NULL,NULL,NULL,,NULL,,,NULL,,NULL,NULL,NULL,NULL,NULL,"Try drawing a pendulum.",NULL,NULL,"1557699382"
"23","Caveman",,"1",NULL,"files/levels/L23_file.json","files/levels/L23_image.jpg","files/levels/L23_image_mac.jpg","4",NULL,NULL,NULL,NULL,"{""lever"":""c2YEvo7zAdE"",""pendulum"":""ePtjF7HVsXc""}","{""ramp"":""qiznG-rpSeQ""}","8uXnzqy23AU","cKzWZMvghEc","Energy",,NULL,NULL,NULL,,NULL,,,NULL,,NULL,NULL,NULL,NULL,NULL,,NULL,NULL,"1557418811"
"24","Tetherball",,"1",NULL,"files/levels/L24_file.txt","files/levels/L24_image.jpg","files/levels/L24_image_mac.jpg","4",NULL,NULL,NULL,NULL,"{""pendulum"":""aT3xXPpHShY""}","{""pendulum"":""smtv7P51ylY""}","8uXnzqy23AU","MYXSFPCSmSc","Kinematics","COM",NULL,NULL,NULL,,NULL,,,NULL,,NULL,NULL,NULL,NULL,NULL,"Trying drawing a pendulum.",NULL,NULL,"1557687824"
"25","Smiley",,"1",NULL,"files/levels/L25_file.json","files/levels/L25_image.jpg","files/levels/L25_image_mac.jpg","4",NULL,NULL,NULL,NULL,"{""lever"":""4OMqpG7mdXc"",""pendulum"":""7zPNTkWrJRE""}","{""lever"":""TIyqwOfhxgE"",""pendulum"":""YT9d-o4VV-k""}","BEn2MVPK-aI","E--gIf_fagU","Force",,NULL,NULL,NULL,"Force_f",NULL,,,NULL,,NULL,NULL,NULL,NULL,NULL,,NULL,NULL,"1548629333"
"26","Starry Night",,"1",NULL,"files/levels/L26_file.json","files/levels/L26_image.jpg","files/levels/L26_image_mac.jpg","4",NULL,NULL,NULL,NULL,"{""pendulum"":""izW16sibBmY""}",NULL,"8uXnzqy23AU","E--gIf_fagU","Force",,NULL,NULL,NULL,"Force_f",NULL,,,NULL,,NULL,NULL,NULL,NULL,NULL,NULL,NULL,NULL,"1515383490"
"27","Mr Green",,"1",NULL,"files/levels/L27_file.json","files/levels/L27_image.jpg","files/levels/L27_image_mac.jpg","4",NULL,NULL,NULL,NULL,"{""pendulum"":""OLloCCoyb8E""}","{""pendulum"":""smtv7P51ylY""}","8uXnzqy23AU","R_VHk3JLffk","Inertia","COM",NULL,NULL,NULL,"Inertia_f",NULL,,,NULL,,NULL,NULL,NULL,NULL,NULL,"Try drawing a pendulum.",NULL,NULL,"1557688150"
"29","Yippie!",,"1",NULL,"files/levels/L29_file.json","files/levels/L29_image.jpg","files/levels/L29_image_mac.jpg","3",NULL,NULL,NULL,NULL,"{""springboard"":""0QZ_-aNN_sY""}","{""springboard"":""aHP8Ex0HaBY""}","qZig4GFnG9s","9wYk5zt9PMg","Elastic potential energy","ECT",NULL,NULL,NULL,,NULL,,,NULL,,NULL,NULL,NULL,NULL,NULL,"Try drawing a springboard.",NULL,NULL,"1557709456"
"30","Diving Board",,"1",NULL,"files/levels/L30_file.json","files/levels/L30_image.jpg","files/levels/L30_image_mac.jpg","3",NULL,NULL,NULL,NULL,"{""springboard"":""NVN66scTfbM""}","{""springboard"":""zNjPjo-2k88""}","qZig4GFnG9s","cKzWZMvghEc","Energy can transfer","POT",NULL,NULL,NULL,,NULL,,,,,,,,,,"Try drawing a springboard.",,NULL,"1666640616"
"31","Sunny Day",,"1",NULL,"files/levels/L31_file.json","files/levels/L31_image.jpg","files/levels/L31_image_mac.jpg","4",NULL,NULL,NULL,NULL,"{""lever"":""vp9Fuz-OoIk"",""pendulum"":""V15fKLHlpnE"",""springboard"":""5mJGI7ty2Wk""}","{""lever"":""TIyqwOfhxgE"",""pendulum"":""YT9d-o4VV-k"",""springboard"":""aHP8Ex0HaBY""}","qZig4GFnG9s","cKzWZMvghEc","Energy","ECT",NULL,NULL,NULL,,NULL,,,,,,,,,,"Try drawing a lever.",,NULL,"1669150553"
"32","Spider Web",,"1",NULL,"files/levels/L32_file.json","files/levels/L32_image.jpg","files/levels/L32_image_mac.jpg","4",NULL,NULL,NULL,NULL,"{""lever"":""Ml-6n7tKgPk"",""pendulum"":""NMoeyYfCRSw"",""springboard"":""AIkcuiATkMc""}","{""lever"":""TIyqwOfhxgE"",""pendulum"":""YT9d-o4VV-k"",""springboard"":""aHP8Ex0HaBY""}","yDXWm4C_hFk","cKzWZMvghEc","Energy can transfer","ECT",NULL,NULL,NULL,,NULL,,,NULL,,NULL,NULL,NULL,NULL,NULL,"Try drawing a lever, pendulum or springboard.",NULL,NULL,"1557709408"
"33","Wavy",,"1",NULL,"files/levels/L33_file.json","files/levels/L33_image.jpg","files/levels/L33_image_mac.jpg","4",NULL,NULL,NULL,NULL,"{""lever"":""rwiZ4PZ-_IA"",""pendulum"":""cfeHyMnSHl4""}","{""lever"":""TIyqwOfhxgE"",""pendulum"":""YT9d-o4VV-k""}","qZig4GFnG9s","SgTIEGnYBWA","Gravity","ECT",NULL,NULL,NULL,"Gravity_f",NULL,,,NULL,,NULL,NULL,NULL,NULL,NULL,"Try drawing a lever or a pendulum.",NULL,NULL,"1557692550"
"34","Tube",,"1",NULL,"files/levels/L34_file.json","files/levels/L34_image.jpg","files/levels/L34_image_mac.jpg","6",NULL,NULL,NULL,NULL,"{""pendulum"":""TS2jn0Hl0ho""}","{""pendulum"":""YT9d-o4VV-k""}","yDXWm4C_hFk","MYXSFPCSmSc","Motion",,NULL,NULL,NULL,,NULL,,,NULL,,NULL,NULL,NULL,NULL,NULL,"Try drawing a pendulum.",NULL,NULL,"1551800142"
"35","On the Upswing",,"1",NULL,"files/levels/L35_file.json","files/levels/L35_image.jpg","files/levels/L35_image_mac.jpg","2",NULL,NULL,NULL,NULL,"{""pendulum"":""veNSn8Yvg00""}","{""pendulum"":""YT9d-o4VV-k""}","yDXWm4C_hFk","3HuVRUiRaOg","Energy can dissipate","ECT",NULL,NULL,NULL,,NULL,,,NULL,,NULL,NULL,NULL,NULL,NULL,"Try drawing a pendulum.",NULL,NULL,"1557691519"
"36","Scale",,"1",NULL,"files/levels/L36_file.txt","files/levels/L36_image.jpg","files/levels/L36_image_mac.jpg","2",NULL,NULL,NULL,NULL,"{""lever"":""vVYHcSy2Sos""}","{""lever"":""jZ2bVhcWv1g""}","BEn2MVPK-aI","Je9fpWa2S0Q","Torque","POT",NULL,NULL,NULL,"Torque_f",NULL,,,NULL,,NULL,NULL,NULL,NULL,NULL,"Try drawing a lever.",NULL,NULL,"1557709152"
"37","Shark",,"1",NULL,"files/levels/L37_file.json","files/levels/L37_image.jpg","files/levels/L37_image_mac.jpg","4",NULL,NULL,NULL,NULL,"{""lever"":""l46EB8Y3JWs""}","{""lever"":""Jf1M8B95jq4""}","BEn2MVPK-aI","Je9fpWa2S0Q","Torque",,NULL,NULL,NULL,"Torque_f",NULL,,,,,,,,,,"Try drawing a lever.",,NULL,"1669145624"
"38","Need Fulcrum",,"1",NULL,"files/levels/L38_file.json","files/levels/L38_image.jpg","files/levels/L38_image_mac.jpg","4",NULL,NULL,NULL,NULL,"{""lever"":""FQdvhsLuA8A""}","{""lever"":""Jf1M8B95jq4""}","BEn2MVPK-aI",,,,NULL,NULL,NULL,,NULL,,,,,,,,,,"Try drawing a lever.",,NULL,"1669425545"
"39","Stairs",,"1",NULL,"files/levels/L39_file.json","files/levels/L39_image.jpg","files/levels/L39_image_mac.jpg","5",NULL,NULL,NULL,NULL,"{""lever"":""JI6FM42GskQ"",""springboard"":""iU2h8ZAo5TM""}","{""lever"":""Jf1M8B95jq4"",""springboard"":""97kAdz2rgIU""}","BEn2MVPK-aI","uwv6CDekyyA","Gravitational potential energy","POT",NULL,NULL,NULL,"Gravitational potential energy_f",NULL,,,NULL,,NULL,NULL,NULL,NULL,NULL,"Trying drawing a lever or a springboard.",NULL,NULL,"1557691547"
"40","Annoying Lever",,"1",NULL,"files/levels/L40_file.json","files/levels/L40_image.jpg","files/levels/L40_image_mac.jpg","5",NULL,NULL,NULL,NULL,"{""lever"":""tw6XWj36frQ""}","{""lever"":""Jf1M8B95jq4""}"," BEn2MVPK-aI",,,,NULL,NULL,NULL,,NULL,,,NULL,,NULL,NULL,NULL,NULL,NULL,,NULL,NULL,"1548629495"
"41","Nature",,"1",NULL,"files/levels/L41_file.json","files/levels/L41_image.jpg","files/levels/L41_image_mac.jpg","6",NULL,NULL,NULL,NULL,"{""lever"":""obS1Dmp9r0A""}","{""lever"":""jZ2bVhcWv1g""}","BEn2MVPK-aI","cKzWZMvghEc","Mechanical energy",,NULL,NULL,NULL,,NULL,,,NULL,,NULL,NULL,NULL,NULL,NULL,"Try drawing a lever.",NULL,NULL,"1548629764"
"42","Get Over It!",,"1",NULL,"files/levels/L42_file.txt","files/levels/L42_image.jpg","files/levels/L42_image_mac.jpg","4",NULL,NULL,NULL,NULL,"{""lever"":""E7syZk6qyJg""}","{""lever"":""jp8b5fAF3H4""}","wmUQCTyVauA","R_VHk3JLffk","Inertia","Equil",NULL,NULL,NULL,"Inertia_f",NULL,,,NULL,,NULL,NULL,NULL,NULL,NULL,"Try drawing a lever.",NULL,NULL,"1557708916"
"43","Attic",,"1",NULL,"files/levels/L43_file.json","files/levels/L43_image.jpg","files/levels/L43_image_mac.jpg","5",NULL,NULL,NULL,NULL,"{""lever"":""rlrOWWQs4Hk""}",NULL,"8uXnzqy23AU",NULL,NULL,,NULL,NULL,NULL,NULL,NULL,,,NULL,,NULL,NULL,NULL,NULL,NULL,NULL,NULL,NULL,"1506473138"
"44","Little Mermaid",,"1",NULL,"files/levels/L44_file.json","files/levels/L44_image.jpg","files/levels/L44_image_mac.jpg","3",NULL,NULL,NULL,NULL,"{""springboard"":""j8mamausnKk""}","{""springboard"":""aHP8Ex0HaBY""}","qZig4GFnG9s","cKzWZMvghEc","Energy can transfer","ECT",NULL,NULL,NULL,,NULL,,,NULL,,NULL,NULL,NULL,NULL,NULL,"Try drawing a springboard.",NULL,NULL,"1557704622"
"45","Platforms",,"1",NULL,"files/levels/L45_file.json","files/levels/L45_image.jpg","files/levels/L45_image_mac.jpg","6",NULL,NULL,NULL,NULL,"{""lever"":""aX4XIU1OkP4""}",NULL,"qZig4GFnG9s",NULL,NULL,,NULL,NULL,NULL,NULL,NULL,,,NULL,,NULL,NULL,NULL,NULL,NULL,NULL,NULL,NULL,"1506473207"
"46","Green Apple ",,"1",NULL,"files/levels/L46_file.txt","files/levels/L46_image.jpg","files/levels/L46_image_mac.jpg","3",NULL,NULL,NULL,NULL,"{""lever"":""jSOPHQ6Yddk""}","{""lever"":""Jf1M8B95jq4""}","BEn2MVPK-aI","GpKh7PbECWc","Mass","POT",NULL,NULL,NULL,,NULL,,,NULL,,NULL,NULL,NULL,NULL,NULL,"Try drawing a lever.",NULL,NULL,"1557683195"
"47","Ed",,"1",NULL,"files/levels/L47_file.json","files/levels/L47_image.jpg","files/levels/L47_image_mac.jpg","5",NULL,NULL,NULL,NULL,"{""lever"":""fjiqq-z8XFM""}","{""lever"":""Jf1M8B95jq4""}","BEn2MVPK-aI","uwv6CDekyyA","Gravitational potential energy","POT",NULL,NULL,NULL,"Gravitational potential energy_f",NULL,,,NULL,,NULL,NULL,NULL,NULL,NULL,"Try drawing a lever.",NULL,NULL,"1557687291"
"48","Blocked by Blocks",,"2",NULL,"files/levels/L48_file.txt","files/levels/L48_image.jpg","files/levels/L48_image_mac.jpg","3",NULL,NULL,NULL,NULL,"[""XSEb1aBkuTA"","""","""",""""]","{""air resistance"":""qiznG-rpSeQ""}","Xu1FbEcFyXs","3Z1N5G8qJKQ","Dissipative force","NSL",NULL,NULL,NULL,,"4",,,NULL,,NULL,NULL,NULL,NULL,NULL,"Try adjusting the air resistance slider.",NULL,NULL,"1557697172"
"49","Blocked ",,"2",NULL,"files/levels/L49_file.txt","files/levels/L49_image.jpg","files/levels/L49_image_mac.jpg","2",NULL,NULL,NULL,NULL,"[""4pRmyHzSf6E"","""","""","""","""","""","""","""","""","""","""",""""]","{""air resistance"":""qiznG-rpSeQ""}","Xu1FbEcFyXs","EOkk6GOBLvE","Free-fall","NSL",NULL,NULL,NULL,,"4",,,NULL,,NULL,NULL,NULL,NULL,NULL,"Try adjusting the air resistance slider.",NULL,NULL,"1557704025"
"50","Cookie Monster",,"2",NULL,"files/levels/L50_file.txt","files/levels/L50_image.jpg","files/levels/L50_image_mac.jpg","3",NULL,NULL,NULL,NULL,"[""K7trh3Gkuug"","""","""","""","""","""","""",""""]","{""puffer-blower"":""sjOElSBwdDc""}","d03PdBVd9EE","EOkk6GOBLvE","Free-fall","NTL",NULL,NULL,NULL,,"6",,,NULL,,NULL,NULL,NULL,NULL,NULL,"Try adjusting the air resistance slider and one other.",NULL,NULL,"1557701230"
"51","Collision",,"2",NULL,"files/levels/L51_file.txt","files/levels/L51_image.jpg","files/levels/L51_image_mac.jpg","1",NULL,NULL,NULL,NULL,"[""PzBQbb01N_E"","""","""",""""]","{""mass"":""k5sEtpQ6c4U""}","d03PdBVd9EE","aF40ldcOD4U","Newton’s 3rd law","POM",NULL,NULL,NULL,,"7",,,NULL,,NULL,NULL,NULL,NULL,NULL,"Try adjusting the mass slider.",NULL,NULL,"1557708434"
"52","Rolling Stone",,"2",NULL,"files/levels/L52_file.txt","files/levels/L52_image.jpg","files/levels/L52_image_mac.jpg","1",NULL,NULL,NULL,NULL,"[""FaPk5Exqi1U"","""","""","""","""","""",""""]","{""mass"":""k5sEtpQ6c4U""}","n9YlS47XFX8","zHAXMa81Upw","Newton’s 1st law","POM",NULL,NULL,NULL,,NULL,,,NULL,,NULL,NULL,NULL,NULL,NULL,"Try adjusting the mass slider.",NULL,NULL,"1557708379"
"53","St. Patrick's Day",,"2",NULL,"files/levels/L53_file.txt","files/levels/L53_image.jpg","files/levels/L53_image_mac.jpg","2",NULL,NULL,NULL,NULL,"[""apXLPKP5B00"","""","""","""","""",""""]","{""mass"":""Glacier View""}","n9YlS47XFX8","R_VHk3JLffk","Inertia","POM",NULL,NULL,NULL,"Inertia_f",NULL,,,NULL,,NULL,NULL,NULL,NULL,NULL,"Try adjusting the mass slider.",NULL,NULL,"1557708534"
"54","Shelves",,"2",NULL,"files/levels/L54_file.txt","files/levels/L54_image.jpg","files/levels/L54_image_mac.jpg","2",NULL,NULL,NULL,NULL,"[""U4E9DC_0YX0"","""","""","""",""""]","{""air resistance"":""9hpxTNlP6Y0""}","qZig4GFnG9s","Je9fpWa2S0Q","Torque","ECD",NULL,NULL,NULL,,NULL,,,NULL,,NULL,NULL,NULL,NULL,NULL,"Try adjusting the mass slider and one other.",NULL,NULL,"1557704281"
"55","Dominos",,"2",NULL,"files/levels/L55_file.txt","files/levels/L55_image.jpg","files/levels/L55_image_mac.jpg","1",NULL,NULL,NULL,NULL,"[""I0AXFcsHezQ"","""","""","""","""","""","""","""",""""]","{""air resistance"":""9hpxTNlP6Y0""}",,"3Z1N5G8qJKQ","Dissipative force","ECD",NULL,NULL,NULL,,NULL,,,NULL,,NULL,NULL,NULL,NULL,NULL,"Try adjusting the air resistance slider.",NULL,NULL,"1557709680"
"56","Tricks",,"2",NULL,"files/levels/L56_file.txt","files/levels/L56_image.jpg","files/levels/L56_image_mac.jpg","4",NULL,NULL,NULL,NULL,"[""TzDvJRFweKM"","""","""","""",""""]","{""mass"":""cewsive2D0U""}","wmUQCTyVauA","PzfhJxHu8Pg","Acceleration","Equil",NULL,NULL,NULL,"Acceleration_f",NULL,,,NULL,,NULL,NULL,NULL,NULL,NULL,"Try adjusting the mass slider and one other.",NULL,NULL,"1557708760"
"57","Blower & Puffer","Tutorial for Blower & Puffer","2",NULL,,"files/levels/L57_image.jpg",NULL,NULL,NULL,NULL,NULL,NULL,"["""",""""]",NULL,,,,,NULL,NULL,NULL,,NULL,"slides","blower-puffer",NULL,,NULL,NULL,NULL,NULL,NULL,,NULL,NULL,"1522797561"
"58","General Sliders","General introduction for sliders","2",NULL,,"files/levels/L58_image.jpg",NULL,NULL,NULL,NULL,NULL,NULL,"[""""]",NULL,,NULL,NULL,,NULL,NULL,NULL,NULL,NULL,"slides","general-slider",NULL,,NULL,NULL,NULL,NULL,NULL,NULL,NULL,NULL,"1514840316"
"59","Specific Sliders","Tutorial for specific sliders","2",NULL,,"files/levels/L59_image.jpg",NULL,NULL,NULL,NULL,NULL,NULL,"[""""]",NULL,,NULL,NULL,,NULL,NULL,NULL,NULL,NULL,"slides","specific-slider",NULL,,NULL,NULL,NULL,NULL,NULL,NULL,NULL,NULL,"1514840338"
"60","Plum Blossom",,"2",NULL,"files/levels/L60_file.txt","files/levels/L60_image.jpg","files/levels/L60_image_mac.jpg","2",NULL,NULL,NULL,NULL,"[""JqLqt3sHevs"","""","""","""","""",""""]","{""bounciness"":""YCLTSPmkp2o""}","6Ppx1WRneY4","E--gIf_fagU","Force",,NULL,NULL,NULL,"Force_f","3",,,NULL,,NULL,NULL,NULL,NULL,NULL,"Try adjusting the gravity slider.",NULL,NULL,"1557457875"
"61","UFO2",,"2",NULL,"files/levels/L61_file.txt","files/levels/L61_image.jpg","files/levels/L61_image_mac.jpg","1",NULL,NULL,NULL,NULL,"{""ramp"":"""",""ramq"":""QKiqqxVvSxk"",""ramr"":"""",""rams"":"""",""ramt"":"""",""ramu"":"""",""ramv"":"""",""ramw"":"""",""ramx"":"""",""ramy"":"""",""ramz"":"""",""rana"":"""",""ranb"":"""",""ranc"":"""",""rand"":"""",""rane"":"""",""ranf"":"""",""rang"":"""",""ranh"":"""",""rani"":"""",""ranj"":"""",""rank"":"""",""ranl"":"""",""ranm"":""""}",NULL,"V54Az8FF1q0","xWR0OgrlAoU","Bounciness","NFL",NULL,NULL,NULL,"Coefficient of restitution_f","6",,,NULL,,NULL,NULL,NULL,NULL,NULL,"Try checking bounciness.",NULL,NULL,"1523033003"
"62","Lighthouse",,"2",NULL,"files/levels/L62_file.txt","files/levels/L62_image.jpg","files/levels/L62_image_mac.jpg","3",NULL,NULL,NULL,NULL,"[""PfbyEEyFVLI"","""","""","""","""","""",""""]","{""bounciness"":""YCLTSPmkp2o""}","6Ppx1WRneY4","aF40ldcOD4U","Newton’s 3rd law","NFL",NULL,NULL,NULL,,"2",,,NULL,,NULL,NULL,NULL,NULL,NULL,"Try checking bounciness.",NULL,NULL,"1557704055"
"63","Chain",,"1",NULL,"files/levels/L63_file.txt","files/levels/L63_image.jpg","files/levels/L63_image_mac.jpg","5",NULL,NULL,NULL,NULL,"{""ramp"":""scIkyV460sg""}","{""pendulum"":""JcgGaEQeZZw""}","Xu1FbEcFyXs","E--gIf_fagU","Force","NSL",NULL,NULL,NULL,"Force_f","4",,,NULL,,NULL,NULL,NULL,NULL,NULL,"Try adjusting the blowers.",NULL,NULL,"1557675454"
"64","Windy Day",,"1",NULL,"files/levels/L64_file.txt","files/levels/L64_image.jpg","files/levels/L64_image_mac.jpg","2",NULL,NULL,NULL,NULL,"{""ramp"":""jp_6KlWKXHM""}","{""ramp"":""JcgGaEQeZZw""}","Xu1FbEcFyXs","zHAXMa81Upw","Newton’s 1st law","NSL",NULL,NULL,NULL,,"5",,,NULL,,NULL,NULL,NULL,NULL,NULL,"Try adjusting the blowers.",NULL,NULL,"1557676561"
"65","Balance",,"1",NULL,"files/levels/L65_file.txt","files/levels/L65_image.jpg","files/levels/L65_image_mac.jpg","4",NULL,NULL,NULL,NULL,"{""ramp"":""714W27oqQc0""}","{""ramp"":""JcgGaEQeZZw""}","Xu1FbEcFyXs","E--gIf_fagU","Force","NSL",NULL,NULL,NULL,"Force_f","4",,,NULL,,NULL,NULL,NULL,NULL,NULL,"Try adjusting the blowers.",NULL,NULL,"1557678453"
"66","Kind Cloud",,"2",NULL,"files/levels/L66_file.txt","files/levels/L66_image.jpg",NULL,"1",NULL,NULL,NULL,NULL,"[""zZvPQouDEqg"","""",""""]","{""puffer-blower"":""sjOElSBwdDc""}","d03PdBVd9EE","xWR0OgrlAoU","Bounciness","NTL",NULL,NULL,NULL,"Coefficient of restitution_f","7",,,NULL,,NULL,NULL,NULL,NULL,NULL,"Try checking bounciness.",NULL,NULL,"1557697399"
"67","Twin Peaks",,"1",NULL,"files/levels/L67_file.txt","files/levels/L67_image.jpg","files/levels/L67_image_mac.jpg","2",NULL,NULL,NULL,NULL,"{""ramp"":""g2JDyluCmXw""}","{""pendulum"":""YCLTSPmkp2o""}","6Ppx1WRneY4","R_VHk3JLffk","Inertia","NFL",NULL,NULL,NULL,"Inertia_f","3",,,NULL,,NULL,NULL,NULL,NULL,NULL,"Try adjusting the blowers.",NULL,NULL,"1557675590"
"68","Magic Bean",,"2",NULL,"files/levels/L68_file.txt","files/levels/L68_image.jpg","files/levels/L68_image_mac.jpg","3",NULL,NULL,NULL,NULL,"[""5-CBu66E4GQ"","""","""","""","""","""","""",""""]","{""puffer-blower"":""sjOElSBwdDc""}","d03PdBVd9EE","aF40ldcOD4U","Newton’s 3rd law","NTL",NULL,NULL,NULL,,"7",,,NULL,,NULL,NULL,NULL,NULL,NULL,"Try adjusting the mass slider.",NULL,NULL,"1557701110"
"69","One-eye Bob",,"2",NULL,"files/levels/L69_file.txt","files/levels/L69_image.jpg","files/levels/L69_image_mac.jpg","3",NULL,NULL,NULL,NULL,"[""hGwhJR8zTPQ"",""""]",NULL,"d03PdBVd9EE",NULL,NULL,,NULL,NULL,NULL,NULL,"6",,,NULL,,NULL,NULL,NULL,NULL,NULL,NULL,NULL,NULL,"1516068121"
"70","Hit and Run",,"2",NULL,"files/levels/L70_file.txt","files/levels/L70_image.jpg","files/levels/L70_image_mac.jpg","1",NULL,NULL,NULL,NULL,"[""5dnWRI7Eo_A"","""","""","""","""",""""]","{""mass"":""k5sEtpQ6c4U""}","d03PdBVd9EE","R_VHk3JLffk","Inertia","POM",NULL,NULL,NULL,"Inertia_f","7",,,NULL,,NULL,NULL,NULL,NULL,NULL,"Try adjusting the mass slider.",NULL,NULL,"1557709249"
"71","Fireworks",,"2",NULL,"files/levels/L71_file.txt","files/levels/L71_image.jpg","files/levels/L71_image_mac.jpg","4",NULL,NULL,NULL,NULL,"[""DPPsg5Dn-no"","""","""","""","""",""""]","{""puffer-blower"":""sjOElSBwdDc""}","d03PdBVd9EE","3HuVRUiRaOg","Energy can dissipate","NTL",NULL,NULL,NULL,,"6",,,NULL,,NULL,NULL,NULL,NULL,NULL,"Try checking bounciness.",NULL,NULL,"1557703811"
"72","Broken Guitar",,"2",NULL,"files/levels/L72_file.txt","files/levels/L72_image.jpg","files/levels/L72_image_mac.jpg","1",NULL,NULL,NULL,NULL,"[""WSHnqzqP0jU"","""","""","""","""",""""]","{""mass"":""k5sEtpQ6c4U""}","n9YlS47XFX8","QAocTAAHjt4","Momentum","POM",NULL,NULL,NULL,"Momentum_f",NULL,,,NULL,,NULL,NULL,NULL,NULL,NULL,"Try adjusting the mass slider.",NULL,NULL,"1557708498"
"73","Hammock",,"2",NULL,"files/levels/L73_file.txt","files/levels/L73_image.jpg","files/levels/L73_image_mac.jpg","1",NULL,NULL,NULL,NULL,"[""W3GNJRb3bis"","""",""""]","{""mass"":""k5sEtpQ6c4U""}","n9YlS47XFX8","QAocTAAHjt4","Momentum","POM",NULL,NULL,NULL,,NULL,,,NULL,,NULL,NULL,NULL,NULL,NULL,"Try adjusting the mass slider.",NULL,NULL,"1557708455"
"74","Spring",,"2",NULL,"files/levels/L74_file.txt","files/levels/L74_image.jpg","files/levels/L74_image_mac.jpg","1",NULL,NULL,NULL,NULL,"[""xDFGS4WmRcU"","""","""","""","""","""","""",""""]","{""mass"":""k5sEtpQ6c4U""}","n9YlS47XFX8","R_VHk3JLffk","Inertia","POM",NULL,NULL,NULL,"Inertia_f",NULL,,,NULL,,NULL,NULL,NULL,NULL,NULL,"Try adjusting the mass slider.",NULL,NULL,"1557708471"
"75","Break the maze",,"2",NULL,"files/levels/L75_file.txt","files/levels/L75_image.jpg","files/levels/L75_image_mac.jpg","3",NULL,NULL,NULL,NULL,"[""vYTeYY4ITA8"","""","""","""",""""]","{""mass"":""k5sEtpQ6c4U""}","n9YlS47XFX8","zHAXMa81Upw","Newton’s 1st law","POM",NULL,NULL,NULL,,NULL,,,NULL,,NULL,NULL,NULL,NULL,NULL,"Try adjusting the mass slider.",NULL,NULL,"1557708567"
"76","Breakfast time",,"2",NULL,"files/levels/L76_file.txt","files/levels/L76_image.jpg","files/levels/L76_image_mac.jpg","2",NULL,NULL,NULL,NULL,"[""q2xY63Wwg-Q"","""",""""]","{""mass"":""k5sEtpQ6c4U""}","qZig4GFnG9s","3HuVRUiRaOg","Energy can dissipate","POM",NULL,NULL,NULL,,NULL,,,NULL,,NULL,NULL,NULL,NULL,NULL,"Try adjusting the mass slider and one other.",NULL,NULL,"1557708583"
"77","Skate Park",,"2",NULL,"files/levels/L77_file.txt","files/levels/L77_image.jpg","files/levels/L77_image_mac.jpg","1",NULL,NULL,NULL,NULL,"[""tI7uLfE72lg"","""","""","""","""",""""]","{""air resistance"":""9hpxTNlP6Y0""}",,"3Z1N5G8qJKQ","Dissipative force","ECD",NULL,NULL,NULL,,NULL,,,NULL,,NULL,NULL,NULL,NULL,NULL,"Try adjusting the air resistance slider.",NULL,NULL,"1557704512"
"78","Socks",,"2",NULL,"files/levels/L78_file.txt","files/levels/L78_image.jpg","files/levels/L78_image_mac.jpg","3",NULL,NULL,NULL,NULL,"[""KQ9ACpqLxCU"","""","""","""","""",""""]","{""air resistance"":""9hpxTNlP6Y0""}",,"4cc2oHfyxc4","Velocity","ECD",NULL,NULL,NULL,"Velocity_f",NULL,,,NULL,,NULL,NULL,NULL,NULL,NULL,"Try adjusting the air resistance slider.",NULL,NULL,"1557704553"
"79","Florida",,"2",NULL,"files/levels/L79_file.txt","files/levels/L79_image.jpg","files/levels/L79_image_mac.jpg","3",NULL,NULL,NULL,NULL,"[""0qRuFYegyOk"","""","""","""","""","""","""",""""]","{""air resistance"":""9hpxTNlP6Y0""}",,"3Z1N5G8qJKQ","Dissipative force","ECD",NULL,NULL,NULL,,NULL,,,NULL,,NULL,NULL,NULL,NULL,NULL,"Try checking bounciness.",NULL,NULL,"1557704412"
"80","Broken Heart",,"2",NULL,"files/levels/L80_file.txt","files/levels/L80_image.jpg","files/levels/L80_image_mac.jpg","2",NULL,NULL,NULL,NULL,"[""OI2dF4p1FTU"","""",""""]","{""air resistance"":""9hpxTNlP6Y0""}",,"4cc2oHfyxc4","Velocity","ECD",NULL,NULL,NULL,,NULL,,,NULL,,NULL,NULL,NULL,NULL,NULL,"Try adjusting the air resistance slider.",NULL,NULL,"1557704571"
"81","Whale",,"2",NULL,"files/levels/L81_file.txt","files/levels/L81_image.jpg","files/levels/L81_image_mac.jpg","2",NULL,NULL,NULL,NULL,"[""cFmTOxi28ic"","""","""","""","""","""",""""]","{""air resistance"":""9hpxTNlP6Y0""}",,"3HuVRUiRaOg","Air Resistance","ECD",NULL,NULL,NULL,,NULL,,,NULL,,NULL,NULL,NULL,NULL,NULL,"Try adjusting the air resistance slider.",NULL,NULL,"1557704589"
"82","Seesaw",,"2",NULL,"files/levels/L82_file.txt","files/levels/L82_image.jpg","files/levels/L82_image_mac.jpg","2",NULL,NULL,NULL,NULL,"[""msJtCgPAji0"","""","""",""""]","{""mass"":""cewsive2D0U""}","wmUQCTyVauA","L6OUsq3nH98","Equilibrium","Equil",NULL,NULL,NULL,,NULL,,,NULL,,NULL,NULL,NULL,NULL,NULL,"Try adjusting the mass slider.",NULL,NULL,"1557708645"
"83","Mobile",,"2",NULL,"files/levels/L83_file.txt","files/levels/L83_image.jpg","files/levels/L83_image_mac.jpg","5",NULL,NULL,NULL,NULL,"[""Dftk18fJ0ZY"","""","""","""",""""]","{""mass"":""cewsive2D0U""}","wmUQCTyVauA","L6OUsq3nH98","Equilibrium","Equil",NULL,NULL,NULL,,NULL,,,NULL,,NULL,NULL,NULL,NULL,NULL,"Try adjusting the mass slider.",NULL,NULL,"1557708731"
"84","Bowtie",,"2",NULL,"files/levels/L84_file.txt","files/levels/L84_image.jpg","files/levels/L84_image_mac.jpg","3",NULL,NULL,NULL,NULL,"[""ovkHjijxaRM""]",NULL,"wmUQCTyVauA",NULL,NULL,,NULL,NULL,NULL,NULL,NULL,,,NULL,,NULL,NULL,NULL,NULL,NULL,NULL,NULL,NULL,"1506474189"
"85","Lollipop",,"2",NULL,"files/levels/L85_file.txt","files/levels/L85_image.jpg","files/levels/L85_image_mac.jpg","4",NULL,NULL,NULL,NULL,"[""VnUEdL518xQ"","""","""","""",""""]","{""mass"":""cewsive2D0U""}","wmUQCTyVauA","L6OUsq3nH98","Equilibrium","Equil",NULL,NULL,NULL,,NULL,,,NULL,,NULL,NULL,NULL,NULL,NULL,"Try adjusting the mass slider.",NULL,NULL,"1557708686"
"87","Game Mechanics",,"1",NULL,,"files/levels/L87_image.jpg","files/levels/L87_image_mac.jpg",NULL,NULL,NULL,NULL,NULL,,NULL,,NULL,NULL,,NULL,NULL,NULL,NULL,NULL,"complex","game_mechanic",NULL,,NULL,NULL,NULL,NULL,NULL,NULL,NULL,NULL,"1514994512"
"88","Bounciness",,"2",NULL,"files/levels/L88_file.txt","files/levels/L88_image.jpg","files/levels/L88_image_mac.jpg","0",NULL,NULL,NULL,NULL,"["""","""","""","""",""""]",NULL,,,,,NULL,NULL,NULL,,NULL,,,NULL,,NULL,NULL,NULL,NULL,NULL,,NULL,NULL,"1533217310"
"89","Cloudy Day",,"1",NULL,"files/levels/L89_file.json","files/levels/L89_image.jpg","files/levels/L89_image_mac.jpg","4",NULL,NULL,NULL,NULL,"{""pendulum"":""8ukbrJcTs3Q""}","{""pendulum"":""YT9d-o4VV-k""}","yDXWm4C_hFk","cKzWZMvghEc","Energy can transfer","ECT",NULL,NULL,NULL,,NULL,,,NULL,,NULL,NULL,NULL,NULL,NULL,"Try drawing a pendulum.",NULL,NULL,"1557692252"
"90","Trunk Slide",,"1",NULL,"files/levels/L90_file.json","files/levels/L90_image.jpg","files/levels/L90_image_mac.jpg","2",NULL,NULL,NULL,NULL,"{""lever"":""8TkAczQLGdY""}",NULL,"qZig4GFnG9s","9wYk5zt9PMg","Elastic potential energy",,NULL,NULL,NULL,,NULL,,,NULL,,NULL,NULL,NULL,NULL,NULL,"Try drawing a springboard.",NULL,NULL,"1522709929"
"91","Wedge",,"1",NULL,"files/levels/L91_file.json","files/levels/L91_image.jpg","files/levels/L91_image_mac.jpg","1",NULL,NULL,NULL,NULL,"{""lever"":""Ht-mxBUDzn0""}",NULL,"LXRwYkFMAbk","lasNUoIVrXQ","Momentum Conservation",,NULL,NULL,NULL,"Momentum Conservation_f",NULL,,,NULL,,NULL,NULL,NULL,NULL,NULL,"Try drawing a lever or a pendulum.",NULL,NULL,"1522710098"
"92","Tricky",,"1",NULL,"files/levels/L92_file.json","files/levels/L92_image.jpg","files/levels/L92_image_mac.jpg","2",NULL,NULL,NULL,NULL,"{""ramp"":""wq1dvshLzN4""}",NULL,"6Ppx1WRneY4",NULL,NULL,,NULL,NULL,NULL,NULL,NULL,,"ramp",NULL,,NULL,NULL,NULL,NULL,NULL,NULL,NULL,NULL,"1508259174"
"93","Big Watermill",,"1",NULL,"files/levels/L93_file.json","files/levels/L93_image.jpg","files/levels/L93_image_mac.jpg","2",NULL,NULL,NULL,NULL,"{""ramp"":""aw3y7sMY4Bk""}","{""ramp"":""QKGNMfQPvN4""}","aw3y7sMY4Bk","MYXSFPCSmSc","Motion",,NULL,NULL,NULL,,NULL,,,NULL,,NULL,NULL,NULL,NULL,NULL,,NULL,NULL,"1548629162"
"94","Caterpillar",,"1",NULL,"files/levels/L94_file.json","files/levels/L94_image.jpg","files/levels/L94_image_mac.jpg","2",NULL,NULL,NULL,NULL,"{""springboard"":""VvmzSesCfUY""}",NULL,"2UgLDE0jUZU","9wYk5zt9PMg","Elastic potential energy",,NULL,NULL,NULL,,NULL,,,NULL,,NULL,NULL,NULL,NULL,NULL,,NULL,NULL,"1522253119"
"95","Crazy Seesaw",,"1",NULL,"files/levels/L95_file.json","files/levels/L95_image.jpg","files/levels/L95_image_mac.jpg","2",NULL,NULL,NULL,NULL,"{""lever"":""Ox1q2zl7m8Q""}","{""lever"":""jZ2bVhcWv1g""}","BEn2MVPK-aI",,,,NULL,NULL,NULL,,NULL,,"lever",,,,,,,,"Try drawing a lever.",,NULL,"1669425407"
"96","Dolphin Show",,"1",NULL,"files/levels/L96_file.json","files/levels/L96_image.jpg","files/levels/L96_image_mac.jpg","2",NULL,NULL,NULL,NULL,"{""springboard"":""wZy0fz-PAuc""}","{""springboard"":""zNjPjo-2k88""}","2UgLDE0jUZU","uwv6CDekyyA","Gravitational potential energy",,NULL,NULL,NULL,"Gravitational potential energy_a",NULL,,,NULL,,NULL,NULL,NULL,NULL,NULL,,NULL,NULL,"1542728995"
"97","Heavy Blocks",,"1",NULL,"files/levels/L97_file.json","files/levels/L97_image.jpg","files/levels/L97_image_mac.jpg","2",NULL,NULL,NULL,NULL,"{""lever"":""eV0TiYaA2WY"",""pendulum"":""CAtXJjtAlxQ""}",NULL,"yDXWm4C_hFk","MYXSFPCSmSc","Kinematics",,NULL,NULL,NULL,,NULL,,,NULL,,NULL,NULL,NULL,NULL,NULL,"Trying drawing a lever or a pendulum.",NULL,NULL,"1522709242"
"98","Roller coaster",,"1",NULL,"files/levels/L98_file.json","files/levels/L98_image.jpg","files/levels/L98_image_mac.jpg","4",NULL,NULL,NULL,NULL,"{""pendulum"":""Oi0enyWBiWA"",""springboard"":""Oi0enyWBiWA""}","{""pendulum"":""YT9d-o4VV-k"",""springboard"":""XPgDJg7lGN0""}","2UgLDE0jUZU","-Rcnqw-z5dQ","Elastic potential energy","ECT",NULL,NULL,NULL,,NULL,,,,,,,,,,"Trying drawing a pendulum or a springboard.",,NULL,"1669146554"
"99","Tetris",,"1",NULL,"files/levels/L99_file.json","files/levels/L99_image.jpg","files/levels/L99_image_mac.jpg","1",NULL,NULL,NULL,NULL,"{""ramp"":""SGM-VTtD12s""}","{""ramp"":""QKGNMfQPvN4""}","2UgLDE0jUZU",,"Acceleration",,NULL,NULL,NULL,"Acceleration_f",NULL,,"ramp",NULL,,NULL,NULL,NULL,NULL,NULL,"Trying drawing a ramp.",NULL,NULL,"1555543983"
"100","Stiff Curtains",,"1",NULL,"files/levels/L100_file.json","files/levels/L100_image.jpg","files/levels/L100_image_mac.jpg","3",NULL,NULL,NULL,NULL,"{""pendulum"":""fHK80MfmAyk""}","{""springboard"":""XPgDJg7lGN0""}","2UgLDE0jUZU",,,,NULL,NULL,NULL,,NULL,,,,,,,,,,"Try drawing a springboard.",,NULL,"1669425471"
"101","Work It Up",,"1",NULL,"files/levels/L101_file.json","files/levels/L101_image.jpg","files/levels/L101_image_mac.jpg","4",NULL,NULL,NULL,NULL,"{""lever"":""wz9zdLIzLU4"",""pendulum"":""TPTxio8HluY""}","{""lever"":""AAwDId0B_g"",""pendulum"":""YT9d-o4VV-k""}","2UgLDE0jUZU","Th-idyVdcoE","Position","ECT",NULL,NULL,NULL,,NULL,,"lever",NULL,,NULL,NULL,NULL,NULL,NULL,"Trying drawing a lever or a pendulum.",NULL,NULL,"1557709590"
"102","Avalanch",,"1",NULL,"files/levels/L102_file.json","files/levels/L102_image.jpg","files/levels/L102_image_mac.jpg","2",NULL,NULL,NULL,NULL,"{""lever"":""sq1qObvYpD4"",""pendulum"":""f8qoN8YuwiY""}",NULL,"yDXWm4C_hFk",NULL,NULL,,NULL,NULL,NULL,NULL,NULL,,"lever",NULL,,NULL,NULL,NULL,NULL,NULL,NULL,NULL,NULL,"1508271025"
"103","Swamp People",,"1",NULL,"files/levels/L103_file.json","files/levels/L103_image.jpg","files/levels/L103_image_mac.jpg","1",NULL,NULL,NULL,NULL,"{""ramp"":""4P8f7qlol5c"",""springboard"":""LESt225fGP4""}","{""ramp"":""QKGNMfQPvN4"",""springboard"":""aHP8Ex0HaBY""}","LESt225fGP4","uwv6CDekyyA","Gravitational potential energy",,NULL,NULL,NULL,"Gravitational potential energy_f",NULL,,,NULL,,NULL,NULL,NULL,NULL,NULL,"Trying drawing a ramp or a springboard.",NULL,NULL,"1548628921"
"104","Diving Board World",,"1",NULL,"files/levels/L104_file.json","files/levels/L104_image.jpg","files/levels/L104_image_mac.jpg","2",NULL,NULL,NULL,NULL,"{""springboard"":""eXSqS5sbtBo""}","{""springboard"":""XPgDJg7lGN0""}","2UgLDE0jUZU",,,,NULL,NULL,NULL,,NULL,,"springboard",,,,,,,,"Try drawing a springboard.",,NULL,"1669425507"
"105","Maze",,"1",NULL,"files/levels/L105_file.json","files/levels/L105_image.jpg","files/levels/L105_image_mac.jpg","3",NULL,NULL,NULL,NULL,"{""pendulum"":""mOegHGlyOTk""}","{""pendulum"":""YT9d-o4VV-k""}","yDXWm4C_hFk",,,,NULL,NULL,NULL,,NULL,,"pendulum",NULL,,NULL,NULL,NULL,NULL,NULL,,NULL,NULL,"1548629580"
"106","Timing is Everything",,"1",NULL,"files/levels/L106_file.txt","files/levels/L106_image.jpg","files/levels/L106_image_mac.jpg","4",NULL,NULL,NULL,NULL,"{""lever"":""a0Vst8kHe6k""}","{""lever"":""Jswujpf5vTc""}","LXRwYkFMAbk","Je9fpWa2S0Q","Equilibrium","POT",NULL,NULL,NULL,,NULL,,,,,,,,,,"Trying drawing a lever.",,NULL,"1669146293"
"107","Ultimate Pinball",,"1",NULL,"files/levels/L107_file.json","files/levels/L107_image.jpg","files/levels/L107_image_mac.jpg","2",NULL,NULL,NULL,NULL,"{""ramp"":""VGZ_QyDpXD8""}","{""ramp"":""QKGNMfQPvN4""}","2UgLDE0jUZU","SgTIEGnYBWA","Gravity","NFL",NULL,NULL,NULL,"Gravity_f",NULL,,,,,,,,,,"Trying drawing a ramp.",,NULL,"1669143099"
"108","Catch It",,"1",NULL,"files/levels/L108_file.json","files/levels/L108_image.jpg","files/levels/L108_image_mac.jpg","3",NULL,NULL,NULL,NULL,"{""pendulum"":""xQpor9_wnWs""}",NULL,"BEn2MVPK-aI",NULL,NULL,,NULL,NULL,NULL,NULL,NULL,,"pendulum",NULL,,NULL,NULL,NULL,NULL,NULL,NULL,NULL,NULL,"1508293558"
"109","Perfect Toss",,"1",NULL,"files/levels/L109_file.json","files/levels/L109_image.jpg","files/levels/L109_image_mac.jpg","5",NULL,NULL,NULL,NULL,"{""pendulum"":""09mhgdn4Qzg"",""springboard"":""DI3udmE32zQ""}","{""pendulum"":""YT9d-o4VV-k"",""springboard"":""97kAdz2rgIU""}","2UgLDE0jUZU","9wYk5zt9PMg","Elastic potential energy","ECT",NULL,NULL,NULL,,NULL,,,NULL,,NULL,NULL,NULL,NULL,NULL,"Trying drawing a pendulum or a springboard.",NULL,NULL,"1557691641"
"110","Can Opener",,"1",NULL,"files/levels/L110_file.json","files/levels/L110_image.jpg","files/levels/L110_image_mac.jpg","2",NULL,NULL,NULL,NULL,"{""lever"":""rzr5BU4SaCs""}","{""lever"":""jZ2bVhcWv1g"",""pendulum"":""YT9d-o4VV-k""}","BEn2MVPK-aI",,,,NULL,NULL,NULL,,NULL,,"lever",,,,,,,,"Try drawing a lever.",,NULL,"1669425608"
"111","Up in the Air",,"1",NULL,"files/levels/L111_file.json","files/levels/L111_image.jpg","files/levels/L111_image_mac.jpg","4",NULL,NULL,NULL,NULL,"{""lever"":""GFnJnmRhpVw""}","{""lever"":""Jf1M8B95jq4""}","BEn2MVPK-aI","uwv6CDekyyA","Gravitational potential energy","POT",NULL,NULL,NULL,"Gravitational potential energy_f",NULL,,"lever",NULL,,NULL,NULL,NULL,NULL,NULL,"Trying drawing a lever.",NULL,NULL,"1557686019"
"112","Cosmic Cave",,"1",NULL,"files/levels/L112_file.json","files/levels/L112_image.jpg","files/levels/L112_image_mac.jpg","5",NULL,NULL,NULL,NULL,"{""pendulum"":""RlEBfjaIh9o""}","{""pendulum"":""smtv7P51ylY""}","BEn2MVPK-aI","qAkyWp2-NcU","Newton’s 2nd law","COM",NULL,NULL,NULL,"Newton's 2nd law_f",NULL,,,NULL,,NULL,NULL,NULL,NULL,NULL,"Trying drawing a lever or springboard.",NULL,NULL,"1557688795"
"113","Double Hoppy",,"1",NULL,"files/levels/L113_file.json","files/levels/L113_image.jpg","files/levels/L113_image_mac.jpg","4",NULL,NULL,NULL,NULL,"{""springboard"":""Ua2p6di4OzE""}",NULL,"2UgLDE0jUZU",NULL,NULL,,NULL,NULL,NULL,NULL,NULL,,"springboard",NULL,,NULL,NULL,NULL,NULL,NULL,NULL,NULL,NULL,"1508507915"
"114","Feed Me",,"1",NULL,"files/levels/L114_file.json","files/levels/L114_image.jpg","files/levels/L114_image_mac.jpg","2",NULL,NULL,NULL,NULL,"{""ramp"":""Sya1qjmuLwY""}",NULL,"6Ppx1WRneY4",NULL,NULL,,NULL,NULL,NULL,NULL,NULL,,"ramp",NULL,,NULL,NULL,NULL,NULL,NULL,NULL,NULL,NULL,"1508508143"
"115","Fe2",,"1",NULL,"files/levels/L115_file.json","files/levels/L115_image.jpg","files/levels/L115_image_mac.jpg","2",NULL,NULL,NULL,NULL,"{""lever"":""SYVQDWixbAc"",""pendulum"":""LWCGTRzsPfI""}",NULL,"LXRwYkFMAbk","Je9fpWa2S0Q","Torque",,NULL,NULL,NULL,"Torque_f",NULL,,,NULL,,NULL,NULL,NULL,NULL,NULL,,NULL,NULL,"1522254149"
"116","Goal",,"1",NULL,"files/levels/L116_file.json","files/levels/L116_image.jpg","files/levels/L116_image_mac.jpg","1",NULL,NULL,NULL,NULL,"{""ramp"":""iC0LDjt_hQ8""}",NULL,"6Ppx1WRneY4",NULL,NULL,,NULL,NULL,NULL,NULL,NULL,,"ramp",NULL,,NULL,NULL,NULL,NULL,NULL,NULL,NULL,NULL,"1508508550"
"117","Leprechaun",,"1",NULL,"files/levels/L117_file.json","files/levels/L117_image.jpg","files/levels/L117_image_mac.jpg","4",NULL,NULL,NULL,NULL,"{""lever"":""rKwTk3tTZOs"",""pendulum"":""09mhgdn4Qzg"",""springboard"":""wQzA_p1daP4""}","{""lever"":""TIyqwOfhxgE"",""pendulum"":""YT9d-o4VV-k"",""springboard"":""aHP8Ex0HaBY""}","2UgLDE0jUZU","9wYk5zt9PMg","Energy can transfer","ECT",NULL,NULL,NULL,,NULL,,"springboard",NULL,,NULL,NULL,NULL,NULL,NULL,"Try drawing a lever, a pendulum, or a springboard",NULL,NULL,"1557704660"
"118","Lightning",,"1",NULL,"files/levels/L118_file.json","files/levels/L118_image.jpg","files/levels/L118_image_mac.jpg","5",NULL,NULL,NULL,NULL,"{""pendulum"":""qM2om-ruUvQ"",""springboard"":""ue7sieZtW3E""}","{""pendulum"":""YT9d-o4VV-k"",""springboard"":""aHP8Ex0HaBY""}","yDXWm4C_hFk","Je9fpWa2S0Q","Torque","ECT",NULL,NULL,NULL,"Torque_f",NULL,,,NULL,,NULL,NULL,NULL,NULL,NULL,"Try drawing a pendulum or a springboard.",NULL,NULL,"1557709641"
"119","Cornfield",,"1",NULL,"files/levels/L119_file.json","files/levels/L119_image.jpg","files/levels/L119_image_mac.jpg","3",NULL,NULL,NULL,NULL,"{""ramp"":""0nQ4KhNkzOQ""}","{""ramp"":""cmnh3F7uzls""}","6Ppx1WRneY4","R_VHk3JLffk","Inertia","NFL",NULL,NULL,NULL,"Inertia_f",NULL,,,NULL,,NULL,NULL,NULL,NULL,NULL,"Try drawing a ramp.",NULL,NULL,"1557694699"
"120","Think Ahead",,"1",NULL,"files/levels/L120_file.json","files/levels/L120_image.jpg","files/levels/L120_image_mac.jpg","2",NULL,NULL,NULL,NULL,"{""springboard"":""WeFQyqoz8Aw""}",NULL,"2UgLDE0jUZU","GpKh7PbECWc","Mass",,NULL,NULL,NULL,,NULL,,,NULL,,NULL,NULL,NULL,NULL,NULL,,NULL,NULL,"1521751229"
"121","Ed-2",,"1",NULL,"files/levels/L121_file.json","files/levels/L121_image.jpg","files/levels/L121_image_mac.jpg","5",NULL,NULL,NULL,NULL,"{""lever"":""r1jd2Xdx7mM""}",NULL,"BEn2MVPK-aI",,,,NULL,NULL,NULL,,NULL,,"lever",NULL,,NULL,NULL,NULL,NULL,NULL,,NULL,NULL,"1537743134"
"122","Hole in the Wall",,"1",NULL,"files/levels/L122_file.json","files/levels/L122_image.jpg","files/levels/L122_image_mac.jpg","5",NULL,NULL,NULL,NULL,"{""lever"":""dZ77RwvFb78""}","{""lever"":""jZ2bVhcWv1g""}","BEn2MVPK-aI",,,,NULL,NULL,NULL,,NULL,,"lever",NULL,,NULL,NULL,NULL,NULL,NULL,,NULL,NULL,"1548629671"
"123","Uphill Battle",,"1",NULL,"files/levels/L123_file.json","files/levels/L123_image.jpg","files/levels/L123_image_mac.jpg","3",NULL,NULL,NULL,NULL,"{""pendulum"":""9KxdjxuBxts""}","{""pendulum"":""YT9d-o4VV-k""}","yDXWm4C_hFk","-Rcnqw-z5dQ","Kinetic Energy",,NULL,NULL,NULL,"Kinetic Energy_f",NULL,,,,,,,,,,"Try drawing a pendulum.",,NULL,"1665500501"
"124","Not too Far",,"1",NULL,"files/levels/L124_file.json","files/levels/L124_image.jpg","files/levels/L124_image_mac.jpg","4",NULL,NULL,NULL,NULL,"{""lever"":""YKLbBN2bxy0""}","{""lever"":""Jf1M8B95jq4""}","LXRwYkFMAbk","Je9fpWa2S0Q","Torque","POT",NULL,NULL,NULL,"Torque_f",NULL,,"lever",NULL,,NULL,NULL,NULL,NULL,NULL,"Try drawing a lever.",NULL,NULL,"1557686008"
"125","Perfect Pendulum",,"1",NULL,"files/levels/L125_file.json","files/levels/L125_image.jpg","files/levels/L125_image_mac.jpg","4",NULL,NULL,NULL,NULL,"{""pendulum"":""Ia-VdLQOqOw"",""springboard"":""VkgdOlEuaT8""}","{""pendulum"":""YT9d-o4VV-k"",""springboard"":""aHP8Ex0HaBY""}","2UgLDE0jUZU",,,,NULL,NULL,NULL,,NULL,,"springboard",NULL,,NULL,NULL,NULL,NULL,NULL,,NULL,NULL,"1548628971"
"126","Space Travel",,"1",NULL,"files/levels/L126_file.json","files/levels/L126_image.jpg","files/levels/L126_image_mac.jpg","4",NULL,NULL,NULL,NULL,"{""springboard"":""X9LNmGXIlf0""}","{""springboard"":""97kAdz2rgIU""}","2UgLDE0jUZU",,,,NULL,NULL,NULL,,NULL,,"springboard",NULL,,NULL,NULL,NULL,NULL,NULL,,NULL,NULL,"1548629139"
"127","You Again!",,"1",NULL,"files/levels/L127_file.json","files/levels/L127_image.jpg","files/levels/L127_image_mac.jpg","5",NULL,NULL,NULL,NULL,"{""pendulum"":""19ZeLvf3ksk""}","{""pendulum"":""YT9d-o4VV-k""}","yDXWm4C_hFk",,,,NULL,NULL,NULL,,NULL,,,NULL,,NULL,NULL,NULL,NULL,NULL,,NULL,NULL,"1548629734"
"128","Top spin",,"1",NULL,"files/levels/L128_file.json","files/levels/L128_image.jpg","files/levels/L128_image_mac.jpg","2",NULL,NULL,NULL,NULL,"{""springboard"":""ZXG7S3bz_zc""}",NULL,"yDXWm4C_hFk","9wYk5zt9PMg","Elastic potential energy",,NULL,NULL,NULL,,NULL,,,NULL,,NULL,NULL,NULL,NULL,NULL,,NULL,NULL,"1522253205"
"129","Watch Out",,"1",NULL,"files/levels/L129_file.json","files/levels/L129_image.jpg","files/levels/L129_image_mac.jpg","1",NULL,NULL,NULL,NULL,"{""ramp"":""rviwmSsWdTo""}",NULL,"6Ppx1WRneY4",NULL,NULL,,NULL,NULL,NULL,NULL,NULL,,"ramp",NULL,,NULL,NULL,NULL,NULL,NULL,NULL,NULL,NULL,"1508512611"
"130","PufferTest",,"2",NULL,"files/levels/L130_file.txt","files/levels/L130_image.png",NULL,NULL,NULL,NULL,NULL,NULL,"[""""]",NULL,,NULL,NULL,,NULL,NULL,NULL,NULL,NULL,,,NULL,,NULL,NULL,NULL,NULL,NULL,NULL,NULL,NULL,"1511485505"
"131","UFO-test",,"2",NULL,"files/levels/L131_file.txt","files/levels/L131_image.jpg",NULL,NULL,NULL,NULL,NULL,NULL,"["""","""","""",""""]",NULL,,NULL,NULL,,NULL,NULL,NULL,NULL,NULL,,,NULL,,NULL,NULL,NULL,NULL,NULL,NULL,NULL,NULL,"1511486453"
"132","B-Test",,"2",NULL,"files/levels/L132_file.txt","files/levels/L132_image.jpg",NULL,NULL,NULL,NULL,NULL,NULL,"["""",""""]",NULL,,NULL,NULL,,NULL,NULL,NULL,NULL,NULL,,,NULL,,NULL,NULL,NULL,NULL,NULL,NULL,NULL,NULL,"1511637362"
"133","Balance-test",,"2",NULL,"files/levels/L133_file.txt","files/levels/L133_image.jpg",NULL,NULL,NULL,NULL,NULL,NULL,"[""""]",NULL,,NULL,NULL,,NULL,NULL,NULL,NULL,NULL,,,NULL,,NULL,NULL,NULL,NULL,NULL,NULL,NULL,NULL,"1511647786"
"134","Balance Check",,"2",NULL,"files/levels/L134_file.txt","files/levels/L134_image.jpg",NULL,NULL,NULL,NULL,NULL,NULL,"[""""]",NULL,,NULL,NULL,,NULL,NULL,NULL,NULL,NULL,,,NULL,,NULL,NULL,NULL,NULL,NULL,NULL,NULL,NULL,"1511651860"
"135","Angels",,"2",NULL,"files/levels/L135_file.txt","files/levels/L135_image.jpg","files/levels/L135_image_mac.jpg","2",NULL,NULL,NULL,NULL,"[""OdEMCDITBo0"","""","""","""",""""]","{""puffer-blower"":""sjOElSBwdDc""}","d03PdBVd9EE","cKzWZMvghEc","Energy","NTL",NULL,NULL,NULL,,NULL,,,NULL,,NULL,NULL,NULL,NULL,NULL,"Try checking bounciness.",NULL,NULL,"1557701951"
"136","Basement Stairs",,"2",NULL,"files/levels/L136_file.txt","files/levels/L136_image.jpg","files/levels/L136_image_mac.jpg","3",NULL,NULL,NULL,NULL,"[""WQItW35tt0U"","""","""","""",""""]","{""puffer-blower"":""sjOElSBwdDc""}","d03PdBVd9EE","4cc2oHfyxc4","Speed","NTL",NULL,NULL,NULL,,NULL,,,NULL,,NULL,NULL,NULL,NULL,NULL,"Try adjusting the air resistance slider and one other.
Try checking bounciness.",NULL,NULL,"1557703969"
"137","Cupcakes",,"2",NULL,"files/levels/L137_file.txt","files/levels/L137_image.jpg","files/levels/L137_image_mac.jpg","2",NULL,NULL,NULL,NULL,"["""",""""]",NULL,,NULL,NULL,,NULL,NULL,NULL,NULL,NULL,,,NULL,,NULL,NULL,NULL,NULL,NULL,NULL,NULL,NULL,"1516055930"
"138","Duck!",,"2",NULL,"files/levels/L138_file.txt","files/levels/L138_image.jpg","files/levels/L138_image_mac.jpg","1",NULL,NULL,NULL,NULL,"["""",""""]",NULL,,NULL,NULL,,NULL,NULL,NULL,NULL,NULL,,,NULL,,NULL,NULL,NULL,NULL,NULL,NULL,NULL,NULL,"1516055966"
"139","Flying Brooms",,"2",NULL,"files/levels/L139_file.txt","files/levels/L139_image.jpg","files/levels/L139_image_mac.jpg","2",NULL,NULL,NULL,NULL,"[""I2CpoT_N4SY"","""","""","""",""""]","{""puffer-blower"":""sjOElSBwdDc""}","d03PdBVd9EE","lasNUoIVrXQ","Momentum Conservation","NTL",NULL,NULL,NULL,"Momentum Conservation_f",NULL,,,NULL,,NULL,NULL,NULL,NULL,NULL,"Try checking bounciness.",NULL,NULL,"1557704127"
"140","Glacier View",,"2",NULL,"files/levels/L140_file.txt","files/levels/L140_image.jpg","files/levels/L140_image_mac.jpg","1",NULL,NULL,NULL,NULL,"[""AfkLCa8cn-4"","""","""","""","""",""""]","{""mass"":""Glacier View""}","MVWoaSXhyYs","H0S1G7mY-Uk","Energy","POM",NULL,NULL,NULL,,NULL,,,NULL,,NULL,NULL,NULL,NULL,NULL,"Try adjusting the mass slider.",NULL,NULL,"1557708516"
"141","Invisible Chef",,"2",NULL,"files/levels/L141_file.txt","files/levels/L141_image.jpg","files/levels/L141_image_mac.jpg","4",NULL,NULL,NULL,NULL,"[""jWCJ0nXeMHs"","""","""",""""]","{""puffer-blower"":""sjOElSBwdDc""}","d03PdBVd9EE","cKzWZMvghEc","Mechanical energy","NTL",NULL,NULL,NULL,,NULL,,,NULL,,NULL,NULL,NULL,NULL,NULL,"Try checking bounciness.",NULL,NULL,"1557702250"
"142","Laundry Day",,"2",NULL,"files/levels/L142_file.txt","files/levels/L142_image.jpg","files/levels/L142_image_mac.jpg","3",NULL,NULL,NULL,NULL,"[""LuCA6h-UELc"","""","""","""",""""]","{""mass"":""cewsive2D0U""}","wmUQCTyVauA","L6OUsq3nH98","Equilibrium","Equil",NULL,NULL,NULL,,NULL,,,NULL,,NULL,NULL,NULL,NULL,NULL,"Try adjusting the mass slider.",NULL,NULL,"1557708796"
"143","Pipes",,"1",NULL,"files/levels/L143_file.txt","files/levels/L143_image.jpg","files/levels/L143_image_mac.jpg","1",NULL,NULL,NULL,NULL,"{""ramp"":""QVWgRYVJZdY""}","{""pendulum"":""H0S1G7mY-Uk""}","6Ppx1WRneY4","R_VHk3JLffk","Inertia","NSL",NULL,NULL,NULL,"Inertia_f",NULL,,,NULL,,NULL,NULL,NULL,NULL,NULL,"Try adjusting the mass slider.",NULL,NULL,"1557709277"
"144","Rabbits' hole",,"1",NULL,"files/levels/L144_file.txt","files/levels/L144_image.jpg","files/levels/L144_image_mac.jpg","3",NULL,NULL,NULL,NULL,"{""ramp"":""4h4JorLQ-uw""}","{""ramp"":""JcgGaEQeZZw""}","Xu1FbEcFyXs","SgTIEGnYBWA","Gravity","NSL",NULL,NULL,NULL,"Gravity_f",NULL,,,NULL,,NULL,NULL,NULL,NULL,NULL,"Try adjusting the gravity slider.",NULL,NULL,"1557676240"
"145","Right Between the Eyes",,"2",NULL,"files/levels/L145_file.txt","files/levels/L145_image.jpg","files/levels/L145_image_mac.jpg","4",NULL,NULL,NULL,NULL,"[""uPf8UYFUSNM"","""","""",""""]","{""puffer-blower"":""sjOElSBwdDc""}","https://youtu.be/d03PdBVd9EE","cKzWZMvghEc","Mechanical energy","NTL",NULL,NULL,NULL,,NULL,,,NULL,,NULL,NULL,NULL,NULL,NULL,"Try checking bounciness.",NULL,NULL,"1557702089"
"146","Spiral",,"1",NULL,"files/levels/L146_file.txt","files/levels/L146_image.jpg","files/levels/L146_image_mac.jpg","1",NULL,NULL,NULL,NULL,"{""ramp"":""SEN-MhjHQdM""}","{""pendulum"":""YCLTSPmkp2o""}","Xu1FbEcFyXs","E--gIf_fagU","Acceleration","NSL",NULL,NULL,NULL,"Acceleration_f",NULL,,,NULL,,NULL,NULL,NULL,NULL,NULL,"Try adjusting the blowers.",NULL,NULL,"1557675812"
"147","The Museum",,"2",NULL,"files/levels/L147_file.txt","files/levels/L147_image.jpg","files/levels/L147_image_mac.jpg","1",NULL,NULL,NULL,NULL,"[""Xvh3a_2aHDQ"","""",""""]","{""puffer-blower"":""sjOElSBwdDc""}","d03PdBVd9EE","qAkyWp2-NcU","Newton’s 2nd law","NTL",NULL,NULL,NULL,"Newton's 2nd law_f",NULL,,,NULL,,NULL,NULL,NULL,NULL,NULL,"Try checking bounciness.",NULL,NULL,"1557697788"
"148","Under the Candlestick",,"2",NULL,"files/levels/L148_file.txt","files/levels/L148_image.jpg","files/levels/L148_image_mac.jpg","2",NULL,NULL,NULL,NULL,"[""GBAzz-db_yg"","""",""""]",NULL,"d03PdBVd9EE","3Z1N5G8qJKQ","Dissipative force","NTL",NULL,NULL,NULL,,NULL,,,NULL,,NULL,NULL,NULL,NULL,NULL,"Try adjusting the mass slider and one other.",NULL,NULL,"1557702521"
"149","Water Sprayer",,"2",NULL,"files/levels/L149_file.txt","files/levels/L149_image.jpg","files/levels/L149_image_mac.jpg",NULL,NULL,NULL,NULL,NULL,"["""",""""]",NULL,,NULL,NULL,,NULL,NULL,NULL,NULL,NULL,,,NULL,,NULL,NULL,NULL,NULL,NULL,NULL,NULL,NULL,"1516056120"
"150","Wonton Soup",,"2",NULL,"files/levels/L150_file.txt","files/levels/L150_image.jpg","files/levels/L150_image_mac.jpg","1",NULL,NULL,NULL,NULL,"["""",""""]",NULL,,NULL,NULL,,NULL,NULL,NULL,NULL,NULL,,,NULL,,NULL,NULL,NULL,NULL,NULL,NULL,NULL,NULL,"1516056087"
"151","One at a time ",,"1",NULL,"files/levels/L151_file.txt","files/levels/L151_image.jpg","files/levels/L151_image_mac.jpg","3",NULL,NULL,NULL,NULL,"{""lever"":""_NGDVzlUK1Y""}","{""lever"":""Jf1M8B95jq4""}","BEn2MVPK-aI","E--gIf_fagU","Torque","POT",NULL,NULL,NULL,"Torque_f",NULL,,,NULL,,NULL,NULL,NULL,NULL,NULL,"Try drawing a pendulum.",NULL,NULL,"1557683003"
"152","Smiley Mouth",,"1",NULL,"files/levels/L152_file.txt","files/levels/L152_image.jpg","files/levels/L152_image_mac.jpg","3",NULL,NULL,NULL,NULL,"{""lever"":""IDb2N3qpSgs""}",NULL,"LXRwYkFMAbk","Je9fpWa2S0Q","Torque",,NULL,NULL,NULL,"Torque_f",NULL,,,NULL,,NULL,NULL,NULL,NULL,NULL,,NULL,NULL,"1522253941"
"153","Learning Supports Tutorial","Learning Supports Tutorial","1",NULL,,"files/levels/L153_image.jpg","files/levels/L153_image_mac.jpg",NULL,NULL,NULL,NULL,NULL,,NULL,,,,,NULL,NULL,NULL,,NULL,,"learning-support",NULL,,NULL,NULL,NULL,NULL,NULL,,NULL,NULL,"1522799452"
"154","Nudge",,"1",NULL,"files/levels/L154_file.txt","files/levels/L154_image.jpg","files/levels/L154_image_mac.jpg","0",NULL,NULL,NULL,NULL,,NULL,,,,,NULL,NULL,NULL,,NULL,,,NULL,,NULL,NULL,NULL,NULL,NULL,,NULL,NULL,"1537546388"
"155","Ramp",,"1",NULL,"files/levels/L155_file.txt","files/levels/L155_image.jpg","files/levels/L155_image_mac.jpg","0",NULL,NULL,NULL,NULL,,NULL,,,,,NULL,NULL,NULL,,NULL,,,NULL,,NULL,NULL,NULL,NULL,NULL,,NULL,NULL,"1537802117"
"156","Lever",,"1",NULL,"files/levels/L156_file.txt","files/levels/L156_image.jpg","files/levels/L156_image_mac.jpg","0",NULL,NULL,NULL,NULL,,NULL,,,,,NULL,NULL,NULL,,NULL,,,NULL,,NULL,NULL,NULL,NULL,NULL,,NULL,NULL,"1537545515"
"157","Pendulum",,"1",NULL,"files/levels/L157_file.txt","files/levels/L157_image.jpg","files/levels/L157_image_mac.jpg","0",NULL,NULL,NULL,NULL,,NULL,,,,,NULL,NULL,NULL,,NULL,,,NULL,,NULL,NULL,NULL,NULL,NULL,,NULL,NULL,"1536115777"
"158","Springboard",,"1",NULL,"files/levels/L158_file.txt","files/levels/L158_image.jpg","files/levels/L158_image_mac.jpg","0",NULL,NULL,NULL,NULL,,NULL,,,,,NULL,NULL,NULL,,NULL,,,NULL,,NULL,NULL,NULL,NULL,NULL,,NULL,NULL,"1536115454"
"159","SBTest",,"1",NULL,"files/levels/L159_file.txt","files/levels/L159_image.jpg","files/levels/L159_image_mac.jpg",NULL,NULL,NULL,NULL,NULL,,NULL,,,,,NULL,NULL,NULL,,NULL,,,NULL,,NULL,NULL,NULL,NULL,NULL,,NULL,NULL,"1527871091"
"160","lever_test",,"1",NULL,"files/levels/L160_file.txt","files/levels/L160_image.jpg","files/levels/L160_image_mac.jpg",NULL,NULL,NULL,NULL,NULL,,NULL,,,,,NULL,NULL,NULL,,NULL,,,NULL,,NULL,NULL,NULL,NULL,NULL,,NULL,NULL,"1533039433"
"161","testT",,"1",NULL,"files/levels/L161_file.txt","files/levels/L161_image.jpg","files/levels/L161_image_mac.jpg",NULL,NULL,NULL,NULL,NULL,,NULL,,,,,NULL,NULL,NULL,,NULL,,,NULL,,NULL,NULL,NULL,NULL,NULL,,NULL,NULL,"1533074059"
"162","Air Resistance",,"2",NULL,"files/levels/L162_file.txt","files/levels/L162_image.jpg","files/levels/L162_image_mac.jpg","0",NULL,NULL,NULL,NULL,"[""""]",NULL,,,,,NULL,NULL,NULL,,NULL,,,NULL,,NULL,NULL,NULL,NULL,NULL,,NULL,NULL,"1533144448"
"163","Puffer & Blowers",,"2",NULL,"files/levels/L163_file.txt","files/levels/L163_image.jpg","files/levels/L163_image_mac.jpg","0",NULL,NULL,NULL,NULL,"["""",""""]",NULL,,,,,NULL,NULL,NULL,,NULL,,,NULL,,NULL,NULL,NULL,NULL,NULL,,NULL,NULL,"1533219016"
"164","Mass",,"2",NULL,"files/levels/L164_file.txt","files/levels/L164_image.jpg","files/levels/L164_image_mac.jpg","0",NULL,NULL,NULL,NULL,"["""",""""]",NULL,,,,,NULL,NULL,NULL,,NULL,,,NULL,,NULL,NULL,NULL,NULL,NULL,,NULL,NULL,"1533219275"
"165","Gravity",,"2",NULL,"files/levels/L165_file.txt","files/levels/L165_image.jpg","files/levels/L165_image_mac.jpg","0",NULL,NULL,NULL,NULL,"["""",""""]",NULL,,,,,NULL,NULL,NULL,,NULL,,,NULL,,NULL,NULL,NULL,NULL,NULL,,NULL,NULL,"1533217751"
"166","Pizza Hill",,"1",NULL,"files/levels/L166_file.txt","files/levels/L166_image.jpg","files/levels/L166_image_mac.jpg","1",NULL,NULL,NULL,NULL,"{""ramp"":""YwpaowyOeXA""}","{""pendulum"":""JcgGaEQeZZw""}","Xu1FbEcFyXs","JcgGaEQeZZw","Force","NSL",NULL,NULL,NULL,"Force_f",NULL,,,NULL,,NULL,NULL,NULL,NULL,NULL,"Try adjusting the blowers.",NULL,NULL,"1557675754"
"167","Need for Speed",,"1",NULL,"files/levels/L167_file.txt","files/levels/L167_image.jpg","files/levels/L167_image_mac.jpg","4",NULL,NULL,NULL,NULL,"{""ramp"":""5mN0zFst5Ds""}","{""ramp"":""YCLTSPmkp2o""}","6Ppx1WRneY4","4cc2oHfyxc4","Speed","NFL",NULL,NULL,NULL,"Speed_f",NULL,,,NULL,,NULL,NULL,NULL,NULL,NULL,"Try using the puffer.",NULL,NULL,"1557696448"
"168","Back and Forth",,"1",NULL,"files/levels/L168_file.txt","files/levels/L168_image.jpg","files/levels/L168_image_mac.jpg","4",NULL,NULL,NULL,NULL,"{""ramp"":""Iv0oHlOQR-U""}","{""pendulum"":""YCLTSPmkp2o""}","6Ppx1WRneY4","PzfhJxHu8Pg","Acceleration","NFL",NULL,NULL,NULL,"Acceleration_f",NULL,,,NULL,,NULL,NULL,NULL,NULL,NULL,"Try adjusting the blowers",NULL,NULL,"1557709305"
