UID,Source,Consent,Assent,Condition,CounterBalance,Age,Sex,Ethnicity,Gaming,Physics,Pre_Form,Pre_Dur,Pre_Near,Pre_Far,Pre_Total,Post_Form,Post_Dur,Post_Near,Post_Far,Post_Total,Gain,Gain_Near,Gain_Far,Enjoy,Competence,Effort,Frustation,Value,pre_NQ1_ect-lever,pre_NQ2_ect-lever,pre_NQ3_ect-pendulum,pre_NQ4_ect-pendulum,pre_NQ5_ect-ramp,pre_NQ6_ect-ramp,pre_NQ7_ect-springboard,pre_NQ8_ect-springboard,pre_NQ9_pot-lever-distance,pre_NQ10_pot-lever-distance,pre_NQ11_pot-lever-mass,pre_NQ12_pot-lever-mass,pre_NQ13_pot-springboard,pre_NQ14_pot-springboard,pre_FQ1_ect-lever,pre_FQ2_ect-lever,pre_FQ3_ect-pendulum,pre_FQ4_ect-pendulum,pre_FQ5_ect-ramp,pre_FQ6_ect-ramp,pre_FQ7_ect-springboard,pre_FQ8_ect-springboard,pre_FQ9_pot-lever-distance,pre_FQ10_pot-lever-distance,pre_FQ11_pot-lever-mass,pre_FQ12_pot-lever-mass,pre_FQ13_pot-springboard,pre_FQ14_pot-springboard,post_NQ1_ect-lever,post_NQ2_ect-lever,post_NQ3_ect-pendulum,post_NQ4_ect-pendulum,post_NQ5_ect-ramp,post_NQ6_ect-ramp,post_NQ7_ect-springboard,post_NQ8_ect-springboard,post_NQ9_pot-lever-distance,post_NQ10_pot-lever-distance,post_NQ11_pot-lever-mass,post_NQ12_pot-lever-mass,post_NQ13_pot-springboard,post_NQ14_pot-springboard,post_FQ1_ect-lever,post_FQ2_ect-lever,post_FQ3_ect-pendulum,post_FQ4_ect-pendulum,post_FQ5_ect-ramp,post_FQ6_ect-ramp,post_FQ7_ect-springboard,post_FQ8_ect-springboard,post_FQ9_pot-lever-distance,post_FQ10_pot-lever-distance,post_FQ11_pot-lever-mass,post_FQ12_pot-lever-mass,post_FQ13_pot-springboard,post_FQ14_pot-springboard,IMI_1,IMI_2,IMI_3,IMI_4,IMI_5,IMI_6,IMI_7,IMI_8,IMI_9,IMI_10,IMI_11,IMI_12,IMI_13,IMI_14,IMI_15,IMI_16,IMI_17,IMI_18,rIMI_3,rIMI_4,rIMI_9,rIMI_11,rIMI_13,rIMI_15,n_levels_visited,mean_level_duration,n_gold,n_silver,n_unsolved,n_revisits,mean_money_earned,n_ls_viewed,mean_PA_duration,n_PA_spgbrd,n_PA_lever,n_PA_ramp,n_PA_pendulum,n_hints,n_game_tools,n_ramps_drawn,n_levers_drawn,n_spgbrd_drawn,n_pendulum_drawn,n_weights_drawn,n_freeform_drawn,n_pins_drawn
189p1t1,FSUS,1,1,Before,T1,14,Female,White,Once a month or less,Yes,A,6.37,2,1,3,B,18.6,5,1,6,3,3,0,5,5.75,5.25,3,2.5,0,0,1,0,0,0,0,0,0,0,0,0,0,1,0,0,0,0,0,0,0,0,1,0,0,0,0,0,0,0,0,0,0,1,1,1,0,1,1,0,0,0,0,0,0,0,0,0,1,0,0,0,0,0,0,0,4,6,4,2,5,5,4,7,1,6,2,5,4,1,7,7,1,4,4,6,7,6,4,1,6,222,2,0,4,0,6.666666666666667,3,96.66666666666667,1,1,0,1,0,0,5,4,1,4,2,42,16
241p3t0,FSUS,1,1,Control,Control,15,Male,Mixed,3 to 4 times a week,Yes,A,9.42,6,6,12,B,9.8,11,6,17,5,5,0,5.8,4.5,4.25,6.67,6.5,1,1,0,0,1,0,0,1,1,0,1,0,0,0,1,0,1,0,1,0,0,0,1,1,0,1,0,0,1,0,1,1,0,1,1,0,1,1,1,1,1,1,0,1,0,1,1,0,0,0,0,1,1,0,0,1,6,7,1,4,5,4,4,6,4,5,3,3,4,7,1,6,7,6,7,4,4,5,4,7,18,118.44444444444444,8,3,7,6,10.555555555555555,2,NA,0,0,0,0,2,0,50,14,33,25,11,151,121
243p3t0,FSUS,1,1,Control,Control,14,Male,Black or African American,Once a week,NA,A,11.7,2,5,7,B,18.97,5,3,8,1,3,-2,4,4,4,4,4,0,0,0,0,0,0,0,0,1,1,0,0,0,0,0,1,0,0,1,0,0,1,0,0,0,1,1,0,0,1,0,0,1,0,0,0,0,0,1,1,0,1,1,1,0,0,0,0,0,1,0,0,0,0,0,0,4,4,4,4,4,4,4,4,4,4,4,4,4,4,4,4,4,4,4,4,4,4,4,4,29,183.79310344827587,4,1,24,10,3.103448275862069,0,NA,0,0,0,0,0,0,45,8,0,46,3,253,269
187p1t1,FSUS,1,1,Before,T1,14,Female,Asian,Never,Yes,A,14.43,11,8,19,B,20.18,13,8,21,2,2,0,4,3.25,5,3,4.5,1,1,1,1,1,0,1,1,1,0,1,1,1,0,1,1,1,0,1,0,1,0,0,1,0,0,1,1,1,1,1,1,1,1,1,1,1,1,1,1,0,1,0,1,0,0,1,1,1,1,0,0,1,1,0,1,4,4,4,4,4,3,3,4,5,5,3,5,3,2,4,3,4,5,4,4,3,5,5,4,28,513.7857142857143,5,1,22,15,3.9285714285714284,28,121.875,2,6,3,5,10,2,47,14,1,107,7,216,152
190p1t2,FSUS,1,1,Before,T2,15,Female,Black or African American,Once a week,NA,A,15.25,3,5,8,B,14.38,4,1,5,-3,1,-4,5.2,3.75,6,3,4,0,0,0,0,1,0,0,0,0,0,1,0,1,0,0,0,0,0,1,0,0,1,1,0,0,1,1,0,0,1,0,1,0,0,0,0,0,0,1,0,0,1,0,1,0,0,0,0,0,0,0,0,0,0,0,0,4,4,2,1,5,4,4,4,5,5,2,6,1,1,4,4,4,4,6,7,3,6,7,4,4,253.25,1,0,3,1,5,2,74.5,0,0,2,0,0,0,11,1,1,19,0,84,56
211p2t1,FSUS,1,1,After,T1,15,Male,Black or African American,3 to 4 times a week,Yes,A,7,8,7,15,B,19.08,7,6,13,-2,-1,-1,7,5.75,6.75,2.33,6,1,1,1,0,1,0,0,0,1,1,0,1,0,1,1,0,0,1,1,1,1,1,1,0,0,0,0,0,0,0,1,1,0,1,0,0,0,1,1,1,1,0,0,1,0,1,1,0,0,1,0,1,1,0,0,0,7,7,1,1,7,6,6,6,3,7,1,6,1,1,7,5,6,6,7,7,5,7,7,1,32,229.3125,4,6,22,15,4.375,28,67.26666666666667,3,7,2,3,6,7,153,44,18,69,24,485,144
184p1t2,FSUS,1,1,Before,T2,15,Male,White,Everyday,Yes,A,18.38,8,6,14,B,30.88,13,9,22,8,5,3,7,7,7,7,6.5,1,0,0,0,0,0,1,0,1,1,1,1,1,1,1,0,0,1,1,0,0,1,0,1,0,0,1,0,1,1,1,1,1,1,1,1,1,0,1,1,1,1,1,1,0,0,1,0,1,1,0,1,1,1,0,1,7,7,1,1,7,7,7,7,1,7,1,7,1,7,1,7,6,7,7,7,7,7,7,7,37,1717.3243243243244,6,11,20,15,6.216216216216216,33,1061,4,13,3,1,10,2,132,11,6,134,1,670,396
218p2t2,FSUS,1,1,After,T2,14,Female,White,3 to 4 times a week,Yes,A,19.85,11,6,17,B,24.38,13,7,20,3,2,1,5,4.75,5.25,2.33,3.5,1,1,1,1,1,0,1,1,1,0,1,1,1,0,0,0,0,1,1,0,1,1,0,0,0,1,1,0,1,1,1,1,1,1,1,1,1,0,1,1,1,1,1,1,0,0,1,0,1,1,0,0,0,1,0,1,4,4,2,1,4,4,4,5,2,4,1,4,2,1,4,2,4,3,6,7,6,7,6,4,25,343.24,4,1,20,14,3.6,23,134.46153846153845,3,7,4,1,6,2,121,21,41,59,15,345,200
246p3t0,FSUS,1,1,Control,Control,15,Female,Mixed,Everyday,Yes,A,18.12,9,7,16,B,16.8,10,6,16,0,1,-1,5.6,3.5,6.5,1.67,6,1,1,0,1,0,1,1,1,1,1,0,1,0,0,1,1,0,0,1,0,0,1,0,1,1,0,0,1,0,1,1,1,0,1,1,0,1,1,1,1,0,1,0,1,0,0,1,0,1,1,0,1,0,0,0,1,5,6,1,3,5,4,3,3,4,6,1,6,1,3,7,1,5,7,7,5,4,7,7,1,16,295.125,3,5,8,6,6.875,2,NA,0,0,0,0,1,1,339,7,2,71,1,454,251
213p2t1,FSUS,1,1,After,T1,14,Male,Black or African American,3 to 4 times a week,Yes,A,20.02,7,6,13,B,25.37,6,6,12,-1,-1,0,5.4,5.5,3.75,5,5.5,1,0,0,1,1,1,0,0,1,0,0,1,0,1,1,0,0,0,0,1,0,1,1,1,0,0,1,0,0,0,1,0,0,1,0,0,1,0,1,1,0,1,1,0,0,0,1,0,0,1,0,1,0,1,0,1,5,7,4,3,6,6,7,4,3,5,4,3,5,5,5,7,5,6,4,5,5,4,3,3,13,329.53846153846155,1,1,11,6,2.3076923076923075,30,102.33333333333333,0,4,0,2,9,15,43,7,3,138,5,122,38
221p2t1,FSUS,1,1,After,T1,14,Male,White,Once a month or less,Yes,A,25.25,10,7,17,B,11.75,12,8,20,3,2,1,4.8,4.5,5.5,5,4,1,0,0,1,1,0,1,1,1,1,1,1,0,1,0,1,1,0,1,0,0,1,0,1,0,0,1,1,0,1,1,1,1,1,1,1,1,1,0,1,1,1,1,1,0,0,1,0,1,1,0,1,1,0,0,1,4,4,2,2,4,4,4,5,3,6,3,5,2,5,3,5,4,4,6,6,5,5,6,5,11,231.27272727272728,2,0,9,5,3.6363636363636362,11,69.66666666666667,0,5,0,1,5,0,26,1,0,27,1,107,43
192p1t2,FSUS,1,1,Before,T2,15,Female,Black or African American,Once a month or less,Yes,A,25.92,8,6,14,B,26.35,10,5,15,1,2,-1,6.2,NA,6,3.33,5,1,1,0,1,1,0,0,1,1,0,0,1,1,0,0,1,0,0,1,1,1,0,1,1,0,0,0,0,0,1,1,0,1,0,1,1,0,1,1,1,1,1,1,1,0,0,1,0,1,0,0,1,0,0,0,0,7,7,4,1,6,NA,5,7,4,5,1,7,3,1,4,5,7,3,4,7,4,7,5,4,31,252.70967741935485,3,6,22,9,3.870967741935484,20,62.90909090909091,3,5,3,2,6,1,128,8,35,78,18,411,288
214p2t2,FSUS,1,1,After,T2,13,Male,Black or African American,3 to 4 times a week,NA,A,19.5,6,7,13,B,25.12,8,8,16,3,2,1,5.6,5.5,3.75,5.33,5.5,1,1,0,0,0,0,0,0,1,1,1,1,0,0,0,1,0,0,1,0,1,1,1,1,0,0,1,0,1,1,0,0,0,0,1,0,0,1,1,1,1,1,1,1,0,0,1,0,1,1,0,1,1,0,0,1,5,6,3,2,6,7,4,6,3,6,4,2,5,5,4,7,6,5,5,6,5,4,3,4,14,311.7857142857143,3,2,9,7,5.714285714285714,5,64.5,1,2,2,0,0,0,52,17,16,66,4,274,210
244p3t0,FSUS,1,1,Control,Control,15,Male,White,Everyday,Yes,A,24.52,7,6,13,B,19.35,12,8,20,7,5,2,5,5.5,5,1.33,3,1,1,1,1,0,0,0,0,0,0,1,1,0,1,0,1,1,0,1,1,0,1,0,0,0,0,1,0,1,1,1,1,0,1,1,1,1,1,1,0,1,1,1,1,0,0,1,0,1,1,0,1,0,1,0,1,5,5,2,3,4,6,5,7,4,5,4,4,1,2,7,1,2,4,6,5,4,4,7,1,21,287.23809523809524,10,6,5,5,12.380952380952381,2,NA,0,0,0,0,2,0,92,6,33,30,20,455,304
186p1t2,FSUS,1,1,Before,T2,14,Female,Black or African American,Once a month or less,Yes,A,11.78,5,6,11,B,29.07,10,9,19,8,5,3,6.4,4,4,5,5.5,1,1,1,0,0,0,0,1,1,0,0,0,0,0,0,1,0,0,0,1,0,0,0,1,0,1,1,1,1,1,1,0,1,1,1,0,1,0,1,1,0,1,1,1,0,0,1,0,1,1,0,1,1,1,0,1,7,6,1,2,6,4,4,5,5,4,3,5,6,7,4,4,5,6,7,6,3,5,2,4,11,245.1818181818182,1,0,10,2,1.8181818181818181,9,85.8,2,2,2,0,3,0,25,0,0,45,0,136,101
346p3t0,FSUS,1,1,Control,Control,14,Male,Black or African American,Everyday,NA,A,8.2,4,5,9,B,8.95,2,2,4,-5,-2,-3,6,6.5,4.75,3.33,5.5,1,0,0,0,0,0,0,0,1,1,0,0,1,0,0,0,1,0,1,0,0,1,1,0,1,0,0,0,1,0,0,0,0,0,1,0,0,0,0,0,0,0,0,0,0,0,0,0,0,0,0,0,1,1,0,0,7,7,4,2,6,7,7,7,3,4,2,4,3,2,7,7,7,4,4,6,5,6,5,1,5,177,3,1,1,0,14,1,NA,0,0,0,0,0,1,9,20,0,51,0,113,39
337p3t0,FSUS,1,1,Control,Control,14,Male,Black or African American,3 to 4 times a week,Yes,A,9.73,3,5,8,B,8.6,5,4,9,1,2,-1,3.6,3.25,NA,5,3.5,0,1,0,0,1,0,0,0,1,0,0,0,0,0,0,1,0,1,0,0,1,1,0,1,0,0,0,0,0,0,1,0,0,0,0,0,1,1,1,0,1,0,0,0,0,0,0,0,0,0,1,1,1,0,0,1,3,2,3,6,6,2,7,2,6,5,NA,7,1,6,2,3,3,4,5,2,2,NA,7,6,3,251.66666666666666,2,0,1,0,13.333333333333334,0,NA,0,0,0,0,0,0,23,5,0,46,2,82,52
345p3t0,FSUS,0,1,Control,Control,14,Female,Mixed,Never,Yes,A,9.95,10,11,21,NA,NA,NA,NA,NA,NA,NA,NA,NA,NA,NA,NA,NA,1,1,1,1,1,0,1,1,1,1,0,0,1,0,1,1,1,0,1,1,1,1,1,0,0,1,1,1,NA,NA,NA,NA,NA,NA,NA,NA,NA,NA,NA,NA,NA,NA,NA,NA,NA,NA,NA,NA,NA,NA,NA,NA,NA,NA,NA,NA,NA,NA,NA,NA,NA,NA,NA,NA,NA,NA,NA,NA,NA,NA,NA,NA,NA,NA,NA,NA,NA,NA,NA,NA,NA,NA,NA,NA,NA,NA,NA,NA,NA,NA,NA,NA,NA,NA,NA,NA,NA,NA,NA,NA,NA,NA
333p3t0,FSUS,1,1,Control,Control,14,Male,Black or African American,Everyday,Yes,A,9.75,14,10,24,B,8.13,13,9,22,-2,-1,-1,4.8,5,7,2,5.5,1,1,1,1,1,1,1,1,1,1,1,1,1,1,0,1,1,0,1,1,1,1,0,1,1,1,1,0,0,1,1,1,1,1,1,1,1,1,1,1,1,1,1,1,0,0,1,0,1,1,0,1,1,1,0,1,6,6,6,2,4,7,7,2,4,7,1,7,1,2,7,3,7,4,2,6,4,7,7,1,77,251.28571428571428,31,14,32,49,9.87012987012987,12,NA,0,0,0,0,12,0,205,50,93,162,59,577,327
344p3t0,FSUS,1,1,Control,Control,14,Male,White,Everyday,NA,A,13.1,10,13,23,B,12.73,7,9,16,-7,-3,-4,5.6,4.75,6,3.67,4.5,1,1,1,1,0,0,1,1,1,0,1,1,1,0,1,1,1,0,1,1,1,1,1,1,1,1,1,1,0,1,1,0,1,1,0,0,1,0,0,1,0,1,1,1,0,1,1,0,1,1,0,1,1,0,0,1,5,6,2,2,5,5,4,5,3,6,2,6,2,2,4,5,5,4,6,6,5,6,6,4,26,242.42307692307693,4,13,9,8,8.076923076923077,4,NA,0,0,0,0,4,0,121,13,42,101,8,584,407
332p3t0,FSUS,1,1,Control,Control,14,Male,White,Everyday,Yes,A,13.2,9,7,16,B,17.93,12,11,23,7,3,4,5.6,5.75,6.25,4.67,4.5,0,1,1,1,1,0,0,1,1,0,1,1,0,1,0,1,0,0,1,0,1,1,0,1,1,0,1,0,0,1,1,1,1,1,1,1,1,1,0,1,1,1,1,1,0,1,1,0,1,1,1,1,1,1,0,1,5,6,2,1,4,6,5,6,2,6,2,7,2,3,1,4,6,3,6,7,6,6,6,7,33,190.1818181818182,18,4,11,19,12.121212121212121,18,NA,0,0,0,0,11,7,114,10,33,105,12,427,347
338p3t0,FSUS,1,1,Control,Control,14,Female,Mixed,3 to 4 times a week,Yes,A,17.47,7,5,12,B,12.93,8,7,15,3,1,2,5.4,5.5,6.5,1.67,4.5,1,0,1,1,1,0,1,1,0,1,0,0,0,0,0,0,0,0,1,1,0,0,0,0,1,0,1,1,1,0,1,0,1,0,1,0,1,0,0,1,1,1,1,1,0,0,0,0,0,1,1,1,1,0,0,1,6,6,2,5,6,6,4,6,2,6,2,7,1,2,7,2,5,4,6,3,6,6,7,1,12,329,3,3,6,4,7.5,1,NA,0,0,0,0,0,1,87,36,0,67,0,322,190
347p3t0,FSUS,0,1,Control,Control,15,Male,White,Once a week,Yes,A,25.3,11,10,21,NA,NA,NA,NA,NA,NA,NA,NA,NA,NA,NA,NA,NA,1,0,1,1,1,0,1,1,1,0,1,1,1,1,1,1,0,1,1,0,0,1,1,1,1,0,1,1,NA,NA,NA,NA,NA,NA,NA,NA,NA,NA,NA,NA,NA,NA,NA,NA,NA,NA,NA,NA,NA,NA,NA,NA,NA,NA,NA,NA,NA,NA,NA,NA,NA,NA,NA,NA,NA,NA,NA,NA,NA,NA,NA,NA,NA,NA,NA,NA,NA,NA,NA,NA,NA,NA,NA,NA,NA,NA,NA,NA,NA,NA,NA,NA,NA,NA,NA,NA,NA,NA,NA,NA,NA,NA
196p1t2,FSUS,1,1,Before,T2,14,Female,White,Once a month or less,Yes,A,13.02,4,6,10,B,15.53,4,5,9,-1,0,-1,3,2.5,3.75,5,1.5,1,1,0,1,0,0,0,0,0,0,0,1,0,0,0,0,1,1,1,1,0,0,0,1,0,1,0,0,0,1,1,0,0,0,0,1,0,0,0,0,1,0,0,1,0,1,1,1,0,0,0,0,0,0,0,1,4,4,6,5,2,2,1,6,7,3,4,3,3,4,2,5,2,1,2,3,1,4,5,6,12,131.75,4,0,8,3,6.666666666666667,9,152.25,1,2,2,0,3,1,12,4,0,17,0,38,15
203p1t1,FSUS,1,1,Before,T1,15,Female,Black or African American,3 to 4 times a week,Yes,A,15.83,8,9,17,B,17.93,12,6,18,1,4,-3,7,3.75,7,3.67,5,0,1,0,0,0,1,1,1,0,0,1,1,1,1,0,1,0,0,1,1,1,1,0,1,0,1,1,1,1,1,1,1,0,1,1,1,1,0,1,1,1,1,1,1,0,0,0,0,1,1,0,1,0,0,0,1,7,7,1,1,7,4,1,7,5,7,1,7,1,2,3,4,6,4,7,7,3,7,7,5,16,453.8125,4,2,10,8,6.25,18,153.77777777777777,2,5,1,2,6,2,87,12,1,23,3,327,170
256p3t0,FSUS,1,1,Control,Control,14,Female,White,Once a week,Yes,A,14.58,7,5,12,B,18.67,10,9,19,7,3,4,6.6,4.5,5,4.33,5.5,1,1,1,0,0,0,1,0,1,0,1,1,0,0,0,1,0,0,1,0,0,1,1,0,0,0,1,0,1,0,1,0,1,1,1,0,1,0,1,1,1,1,1,1,0,0,0,0,1,1,1,1,1,1,0,1,7,6,1,1,6,4,4,5,3,4,3,5,2,6,4,3,6,5,7,7,5,5,6,4,28,313.07142857142856,4,3,21,8,3.9285714285714284,13,NA,0,0,0,0,8,5,47,20,0,21,3,243,92
255p3t0,FSUS,1,1,Control,Control,14,Female,Mixed,Never,Yes,A,18.07,7,4,11,B,15.78,5,3,8,-3,-2,-1,5,1,5,1,1.5,1,1,1,0,1,0,0,1,0,1,0,0,0,1,0,0,0,0,0,0,1,0,0,1,0,1,1,0,0,0,1,0,0,1,0,1,0,0,0,1,1,0,0,0,0,0,0,0,0,0,0,1,0,1,0,1,4,4,2,4,7,1,1,1,7,4,1,4,3,1,7,1,1,2,6,4,1,7,5,1,22,335.5,2,0,20,10,1.8181818181818181,3,NA,0,0,0,0,3,0,29,9,0,127,2,287,159
231p2t1,FSUS,1,1,After,T1,15,Male,Black or African American,3 to 4 times a week,Yes,A,16.17,8,6,14,B,23.47,7,5,12,-2,-1,-1,6.8,5.25,6.5,5,6,1,1,1,1,0,0,0,1,1,1,0,1,0,0,1,0,0,0,1,0,1,1,1,1,0,0,0,0,0,0,1,1,0,0,1,0,1,0,0,1,1,1,1,0,0,0,1,0,0,1,0,1,0,0,0,1,6,7,1,1,7,5,4,7,3,7,2,7,2,4,4,7,6,6,7,7,5,6,6,4,29,208.0344827586207,2,7,20,11,3.793103448275862,16,74.86666666666666,4,8,2,2,0,0,106,47,34,55,3,779,238
249p3t0,FSUS,1,1,Control,Control,15,Female,White,Once a week,Yes,A,14.95,3,7,10,B,18.72,9,7,16,6,6,0,6.2,3.25,5.5,3.67,4.5,0,1,0,0,0,0,0,0,0,1,0,1,0,0,1,0,0,1,0,1,0,1,1,1,0,0,1,0,1,1,1,1,0,1,1,0,1,0,0,1,1,0,1,1,0,1,0,0,0,1,0,1,1,1,0,0,5,7,1,1,5,2,2,4,3,4,2,6,2,2,3,4,6,3,7,7,5,6,6,5,26,208.84615384615384,2,2,22,6,2.3076923076923075,2,NA,0,0,0,0,1,1,34,7,9,36,8,264,121
234p2t2,FSUS,1,1,After,T2,14,Male,NA,3 to 4 times a week,Yes,A,18.82,5,4,9,NA,NA,NA,NA,NA,NA,NA,NA,NA,NA,NA,NA,NA,0,0,0,1,1,0,0,0,0,0,0,1,1,1,0,0,0,1,0,1,0,0,0,1,1,0,0,0,NA,NA,NA,NA,NA,NA,NA,NA,NA,NA,NA,NA,NA,NA,NA,NA,NA,NA,NA,NA,NA,NA,NA,NA,NA,NA,NA,NA,NA,NA,NA,NA,NA,NA,NA,NA,NA,NA,NA,NA,NA,NA,NA,NA,NA,NA,NA,NA,NA,NA,NA,NA,2,71.5,0,0,2,1,0,2,46,0,0,2,0,0,0,2,0,0,0,0,3,1
251p3t0,FSUS,1,1,Control,Control,14,Female,Mixed,Once a month or less,NA,A,16.68,4,7,11,B,23.13,6,1,7,-4,2,-6,5.6,NA,6.75,NA,5.5,0,1,1,0,0,0,1,0,0,0,0,1,0,0,1,1,1,0,1,0,1,0,0,1,0,1,0,0,1,0,0,0,1,0,0,1,0,0,1,1,0,1,0,0,0,0,0,0,0,0,0,1,0,0,0,0,6,6,2,5,7,NA,5,7,5,6,1,7,1,1,NA,2,7,4,6,3,3,7,7,NA,25,212.24,5,0,20,8,4,15,NA,0,0,0,0,11,4,87,7,1,31,2,231,127
227p2t1,FSUS,1,1,After,T1,14,Male,White,Once a week,Yes,A,16.68,9,11,20,B,13.62,12,9,21,1,3,-2,5.6,5.75,6,4.33,4.5,0,1,0,1,1,0,1,0,0,1,1,1,1,1,1,1,1,1,1,1,1,1,1,0,0,1,1,0,1,1,1,1,1,1,1,1,1,0,1,1,1,0,0,1,0,0,1,1,1,1,0,1,1,1,0,1,6,6,3,3,6,6,5,6,2,6,2,6,2,4,3,4,4,5,5,5,6,6,6,5,21,288.85714285714283,3,2,16,6,3.8095238095238093,14,62.44444444444444,3,4,1,1,5,0,79,23,8,53,10,397,291
228p2t2,FSUS,1,1,After,T2,15,Female,White,Never,Yes,A,18.68,11,5,16,B,18.75,5,3,8,-8,-6,-2,6.8,5.5,5,3,4.5,0,1,1,1,1,1,1,1,1,0,1,1,0,1,0,1,0,0,1,0,0,1,0,0,0,1,1,0,0,1,1,0,0,0,0,0,1,0,1,1,0,0,1,0,0,0,0,0,0,0,0,1,0,0,0,1,7,6,1,1,7,7,4,7,4,5,3,5,3,2,4,3,5,4,7,7,4,5,5,4,13,225.84615384615384,2,0,11,3,3.076923076923077,7,264,3,2,1,0,0,1,52,5,0,33,0,156,20
250p3t0,FSUS,1,1,Control,Control,14,Female,Mixed,3 to 4 times a week,Yes,A,20.03,8,7,15,B,17.95,12,7,19,4,4,0,5.6,6.25,3.75,2,6,1,1,1,0,0,0,1,1,1,1,0,1,0,0,1,1,0,1,1,0,0,0,1,1,0,0,1,0,0,1,1,1,1,1,1,1,1,0,1,1,1,1,0,1,0,1,1,0,0,1,0,1,0,1,0,1,6,7,1,5,5,6,6,6,1,2,4,3,2,1,7,4,6,6,7,3,7,4,6,1,26,844.2307692307693,5,7,14,8,6.538461538461538,21,NA,0,0,0,0,14,7,111,11,119,69,42,425,311
247p3t0,FSUS,0,1,Control,Control,15,Male,Black or African American,Everyday,Yes,A,27.83,5,4,9,B,19.63,8,3,11,2,3,-1,4.4,3.75,4.75,4.33,4.5,1,0,0,0,1,0,0,0,0,0,1,1,1,0,0,1,0,0,1,0,0,1,0,0,0,1,0,0,1,0,0,0,0,1,1,0,1,1,1,1,1,0,0,1,0,0,1,0,0,1,0,0,0,0,0,0,5,4,5,4,6,2,2,7,4,7,4,3,3,1,1,5,4,5,3,4,4,4,5,7,NA,NA,NA,NA,NA,NA,NA,NA,NA,NA,NA,NA,NA,NA,NA,NA,NA,NA,NA,NA,NA,NA
263p3t0,FSUS,1,1,Control,Control,15,Male,NA,Once a month or less,NA,A,7.07,3,4,7,NA,NA,NA,NA,NA,NA,NA,NA,NA,NA,NA,NA,NA,0,1,1,0,0,0,0,0,0,0,0,1,0,0,1,0,0,0,1,1,0,0,1,0,0,0,0,0,NA,NA,NA,NA,NA,NA,NA,NA,NA,NA,NA,NA,NA,NA,NA,NA,NA,NA,NA,NA,NA,NA,NA,NA,NA,NA,NA,NA,NA,NA,NA,NA,NA,NA,NA,NA,NA,NA,NA,NA,NA,NA,NA,NA,NA,NA,NA,NA,NA,NA,NA,NA,2,183,1,0,1,0,10,3,NA,0,0,0,0,3,0,10,3,0,0,0,29,7
257p3t0,FSUS,1,1,Control,Control,14,NA,Mixed,Everyday,Yes,A,13.07,6,4,10,B,10,4,4,8,-2,-2,0,5,5,5.25,1.67,3,0,1,1,0,0,1,0,0,0,1,1,1,0,0,0,0,0,0,0,0,0,0,0,1,0,1,1,1,0,0,0,1,0,0,0,0,0,1,1,0,1,0,1,0,0,0,0,1,0,0,1,0,0,0,0,1,3,5,2,1,4,5,4,4,1,6,1,3,3,1,5,1,2,4,6,7,7,7,5,3,22,221.9090909090909,7,0,15,10,6.363636363636363,2,NA,0,0,0,0,1,1,53,12,12,57,4,287,228
270p3t0,FSUS,0,1,Control,Control,14,Male,Asian,Everyday,NA,A,11.53,4,5,9,B,8.3,5,2,7,-2,1,-3,1,1.75,4.5,1,2.5,0,0,0,0,1,0,0,0,1,0,1,1,0,0,1,0,0,0,1,0,0,1,0,0,1,0,1,0,0,0,1,0,0,0,0,1,1,0,0,1,0,1,0,0,0,0,0,0,0,0,0,1,0,0,0,1,1,1,7,7,1,4,1,1,7,1,1,6,4,1,7,1,1,4,1,1,1,7,4,1,NA,NA,NA,NA,NA,NA,NA,NA,NA,NA,NA,NA,NA,NA,NA,NA,NA,NA,NA,NA,NA,NA
268p3t0,FSUS,0,1,Control,Control,14,Female,White,Never,NA,A,13.03,7,10,17,B,10.52,11,6,17,0,4,-4,3.8,3.5,3.75,2.33,4,0,1,0,0,1,1,0,1,0,0,1,1,1,0,0,1,0,0,1,1,1,1,0,1,1,1,1,1,1,1,1,1,0,0,1,1,1,0,1,1,1,1,0,1,0,0,1,0,1,0,0,1,0,1,0,1,4,4,5,4,4,4,3,3,4,5,3,2,5,2,6,3,4,4,3,4,4,5,3,2,NA,NA,NA,NA,NA,NA,NA,NA,NA,NA,NA,NA,NA,NA,NA,NA,NA,NA,NA,NA,NA,NA
258p3t0,FSUS,1,1,Control,Control,14,Female,White,3 to 4 times a week,Yes,A,14.3,12,8,20,B,11.52,9,6,15,-5,-3,-2,5,4,5,2,4.5,1,0,1,1,1,0,1,1,1,1,1,1,1,1,1,1,0,0,0,0,1,0,1,1,1,0,1,1,1,1,1,0,1,0,1,0,0,1,0,1,1,1,1,1,0,0,1,0,0,0,0,1,0,1,0,1,5,4,2,2,4,4,3,5,4,5,2,4,3,1,7,4,5,4,6,6,4,6,5,1,34,176.55882352941177,20,1,13,20,12.058823529411764,6,NA,0,0,0,0,6,0,100,11,49,144,10,345,255
237p2t1,FSUS,1,1,After,T1,14,Female,Black or African American,3 to 4 times a week,Yes,A,18.8,6,11,17,NA,NA,NA,NA,NA,NA,NA,NA,NA,NA,NA,NA,NA,1,1,1,1,1,0,0,0,0,0,0,1,0,0,1,1,0,0,1,1,1,1,1,1,0,1,1,1,NA,NA,NA,NA,NA,NA,NA,NA,NA,NA,NA,NA,NA,NA,NA,NA,NA,NA,NA,NA,NA,NA,NA,NA,NA,NA,NA,NA,NA,NA,NA,NA,NA,NA,NA,NA,NA,NA,NA,NA,NA,NA,NA,NA,NA,NA,NA,NA,NA,NA,NA,NA,6,184.66666666666666,0,1,5,1,1.6666666666666667,8,94,0,3,0,0,2,3,23,13,5,6,5,82,36
264p3t0,FSUS,1,1,Control,Control,15,Female,White,3 to 4 times a week,Yes,A,38.83,6,8,14,B,15.82,9,5,14,0,3,-3,3.4,3,4.5,1.33,2.5,0,1,0,0,0,0,0,0,1,1,1,1,1,0,1,1,0,0,1,0,0,1,0,1,1,0,1,1,0,1,1,0,1,0,1,0,1,1,1,1,0,1,1,1,0,0,1,0,0,0,0,1,0,0,0,1,3,3,3,6,4,2,2,2,2,5,4,4,3,2,7,1,2,3,5,2,6,4,5,1,39,92.05128205128206,5,4,30,18,3.58974358974359,39,NA,0,0,0,0,19,20,87,4,23,64,16,338,181
235p2t1,FSUS,1,1,After,T1,14,Male,White,Once a week,Yes,A,152.58,13,10,23,B,18.23,13,9,22,-1,0,-1,NA,NA,NA,NA,NA,1,1,1,1,1,0,1,1,1,1,1,1,1,1,1,1,1,0,1,0,1,1,1,1,0,0,1,1,0,1,1,1,1,1,1,1,1,1,1,1,1,1,1,1,0,0,1,0,1,1,0,1,1,1,0,1,NA,NA,NA,NA,NA,NA,NA,NA,NA,NA,NA,NA,NA,NA,NA,NA,NA,NA,NA,NA,NA,NA,NA,NA,27,267.6296296296296,4,3,20,7,4.074074074074074,29,67.5,3,7,1,2,9,7,149,15,17,50,4,440,264
212p2t2,FSUS,0,1,After,T2,16,Female,Black or African American,Never,Yes,A,17.5,4,6,10,B,18.72,4,4,8,-2,0,-2,7,5.25,7,4.67,6.5,1,1,0,0,0,0,0,0,0,0,1,1,0,0,0,1,1,0,1,1,0,1,0,1,0,0,0,0,1,0,0,0,0,0,0,1,0,0,1,1,0,0,0,1,0,0,1,0,0,1,0,1,0,0,0,0,7,7,1,1,7,7,7,6,7,7,1,7,1,1,2,7,7,6,7,7,1,7,7,6,NA,NA,NA,NA,NA,NA,NA,NA,NA,NA,NA,NA,NA,NA,NA,NA,NA,NA,NA,NA,NA,NA
225p2t1,FSUS,1,1,After,T1,15,Male,Black or African American,Once a week,Yes,A,1444.8,12,6,18,B,33.17,12,4,16,-2,0,-2,3.6,3.5,4.5,1.67,2.5,1,1,0,1,1,0,1,1,1,1,1,1,1,1,0,0,0,0,1,0,1,1,0,1,0,0,1,1,1,1,0,1,1,1,1,1,1,0,1,1,1,1,0,0,0,0,0,0,1,1,0,0,1,0,0,1,2,4,4,1,1,3,3,4,4,4,3,4,3,1,7,3,1,4,4,7,4,5,5,1,14,408.7857142857143,2,1,11,5,3.5714285714285716,9,173,2,3,0,1,2,1,53,6,8,34,8,128,112
202p1t2,FSUS,1,0,Before,T2,14,Female,Mixed,Everyday,NA,A,20.43,10,10,20,NA,NA,NA,NA,NA,NA,NA,NA,NA,NA,NA,NA,NA,1,0,1,1,1,0,0,1,1,1,1,1,0,1,1,1,1,0,1,1,0,1,1,1,1,0,1,0,NA,NA,NA,NA,NA,NA,NA,NA,NA,NA,NA,NA,NA,NA,NA,NA,NA,NA,NA,NA,NA,NA,NA,NA,NA,NA,NA,NA,NA,NA,NA,NA,NA,NA,NA,NA,NA,NA,NA,NA,NA,NA,NA,NA,NA,NA,NA,NA,NA,NA,NA,NA,NA,NA,NA,NA,NA,NA,NA,NA,NA,NA,NA,NA,NA,NA,NA,NA,NA,NA,NA,NA,NA,NA
207p1t1,FSUS,1,1,Before,T1,16,Female,White,Everyday,Yes,A,12.25,5,5,10,B,14.43,2,2,4,-6,-3,-3,4.6,4,4.75,4,5.5,1,0,0,1,0,0,1,0,1,0,0,1,0,0,0,0,1,0,1,0,0,1,0,1,0,1,0,0,0,0,0,1,0,0,0,0,1,0,0,0,0,0,0,0,0,0,0,0,0,0,0,1,0,1,0,0,5,5,4,3,4,4,4,5,5,4,2,5,4,3,2,3,5,6,4,5,3,6,4,6,7,187,2,0,5,1,5.714285714285714,4,79.5,0,2,0,2,0,0,31,2,0,41,0,81,54
269p3t0,FSUS,0,1,Control,Control,15,Male,Black or African American,Once a week,Yes,A,10.42,5,4,9,NA,NA,NA,NA,NA,NA,NA,NA,NA,NA,NA,NA,NA,1,1,1,0,0,0,0,0,1,0,0,1,0,0,1,0,0,0,0,0,0,1,1,0,0,0,0,1,NA,NA,NA,NA,NA,NA,NA,NA,NA,NA,NA,NA,NA,NA,NA,NA,NA,NA,NA,NA,NA,NA,NA,NA,NA,NA,NA,NA,NA,NA,NA,NA,NA,NA,NA,NA,NA,NA,NA,NA,NA,NA,NA,NA,NA,NA,NA,NA,NA,NA,NA,NA,NA,NA,NA,NA,NA,NA,NA,NA,NA,NA,NA,NA,NA,NA,NA,NA,NA,NA,NA,NA,NA,NA
444p3t0,FSUS,1,1,Control,Control,14,Male,White,Everyday,Yes,A,23.25,7,9,16,B,11,9,6,15,-1,2,-3,4,4,4.25,4,4,1,0,1,1,1,1,0,0,1,1,0,0,0,0,1,1,0,1,1,1,0,1,1,1,0,0,0,1,0,1,1,1,0,1,1,0,1,0,1,1,1,0,1,1,0,0,1,1,0,0,0,1,0,0,0,1,4,4,4,4,4,4,4,4,4,4,4,4,3,4,4,4,4,4,4,4,4,4,5,4,5,162.6,0,2,3,0,4,0,NA,0,0,0,0,0,0,13,9,0,0,0,77,20
265p3t0,FSUS,0,1,Control,Control,14,Male,Black or African American,Once a week,Yes,A,41.62,4,4,8,B,21.23,7,6,13,5,3,2,NA,NA,NA,NA,NA,0,0,0,1,0,0,0,1,0,1,0,1,0,0,1,0,1,0,1,0,0,0,1,0,0,0,0,0,0,1,1,1,1,1,1,0,0,0,1,0,0,0,1,0,0,1,1,0,0,0,0,1,0,1,0,1,NA,NA,NA,NA,NA,NA,NA,NA,NA,NA,NA,NA,NA,NA,NA,NA,NA,NA,NA,NA,NA,NA,NA,NA,NA,NA,NA,NA,NA,NA,NA,NA,NA,NA,NA,NA,NA,NA,NA,NA,NA,NA,NA,NA,NA,NA
224p2t2,FSUS,0,0,After,T2,14,Female,Black or African American,Once a month or less,NA,NA,NA,NA,NA,NA,NA,NA,NA,NA,NA,NA,NA,NA,NA,NA,NA,NA,NA,NA,NA,NA,NA,NA,NA,NA,NA,NA,NA,NA,NA,NA,NA,NA,NA,NA,NA,NA,NA,NA,NA,NA,NA,NA,NA,NA,NA,NA,NA,NA,NA,NA,NA,NA,NA,NA,NA,NA,NA,NA,NA,NA,NA,NA,NA,NA,NA,NA,NA,NA,NA,NA,NA,NA,NA,NA,NA,NA,NA,NA,NA,NA,NA,NA,NA,NA,NA,NA,NA,NA,NA,NA,NA,NA,NA,NA,NA,NA,NA,NA,NA,NA,NA,NA,NA,NA,NA,NA,NA,NA,NA,NA,NA,NA,NA,NA,NA,NA,NA,NA,NA
245p3t0,FSUS,1,1,Control,Control,15,Male,White,Once a week,Yes,B,10.13,11,6,17,A,12.53,10,10,20,3,-1,4,5.2,3.75,5.5,3,4.5,1,1,1,0,1,1,1,1,1,0,1,1,0,1,0,1,0,0,1,0,1,0,0,0,1,1,0,1,1,1,0,1,1,0,0,1,1,1,0,1,1,1,1,1,1,0,1,1,1,1,0,0,1,1,0,1,5,5,3,2,5,4,3,3,3,5,2,5,2,2,4,3,5,4,5,6,5,6,6,4,23,202.65217391304347,6,7,10,8,8.26086956521739,6,NA,0,0,0,0,5,1,114,5,34,68,12,311,229
191p1t1,FSUS,1,1,Before,T1,14,Female,Mixed,Everyday,Yes,B,11.78,5,2,7,A,8.63,5,6,11,4,0,4,1.6,1.75,1.25,5,1,1,0,0,1,0,0,0,0,1,0,0,1,1,0,1,0,0,0,1,0,0,0,0,0,0,0,0,0,1,1,0,1,0,0,1,1,0,0,0,0,0,0,0,1,0,1,0,1,0,1,0,0,0,0,1,1,1,1,7,6,3,1,1,4,7,1,7,1,6,7,1,1,1,1,1,2,1,1,2,7,8,1275.375,2,2,4,5,7.5,7,392.75,0,5,0,0,2,0,44,9,0,3,2,156,53
220p2t2,FSUS,1,1,After,T2,14,Female,Black or African American,Once a week,NA,B,14.63,12,7,19,A,15.65,11,9,20,1,-1,2,3.8,2,3,3.67,3,1,1,1,1,1,1,1,0,1,0,1,1,1,1,0,1,0,1,1,0,1,0,0,1,1,0,0,1,1,1,1,1,1,0,1,1,1,0,0,1,1,1,1,1,1,0,1,0,0,1,1,1,0,0,1,1,4,4,5,3,3,3,2,1,6,3,3,2,6,3,5,5,3,3,3,5,2,5,2,3,16,454.625,2,1,13,8,3.125,11,269.57142857142856,2,3,2,0,3,1,239,30,29,47,16,787,323
185p1t1,FSUS,1,1,Before,T1,14,Female,Other,Once a week,Yes,B,17.32,11,6,17,A,19.28,12,11,23,6,1,5,6.8,4,6.25,3.33,6.5,1,0,1,1,1,1,1,0,1,1,1,1,0,1,0,1,0,0,1,0,1,0,0,0,1,1,0,1,1,1,1,1,1,0,1,1,1,1,0,1,1,1,1,1,1,0,1,0,1,1,0,1,1,1,1,1,7,6,1,1,7,4,4,3,3,6,1,6,2,3,4,3,7,6,7,7,5,7,6,4,22,316.40909090909093,9,6,7,2,10.909090909090908,27,88,3,5,2,2,12,3,147,26,15,66,14,572,300
242p3t0,FSUS,1,1,Control,Control,15,Male,Black or African American,3 to 4 times a week,Yes,B,21.12,7,5,12,A,24.08,7,6,13,1,0,1,1.8,2.75,4.25,2,3.5,1,1,0,0,0,0,1,0,1,1,1,1,0,0,1,0,0,0,0,0,0,0,0,1,1,1,0,1,0,1,1,1,0,0,0,1,0,1,0,1,1,0,1,1,0,0,1,0,1,0,0,0,0,0,1,1,3,3,7,7,1,3,1,2,3,3,3,3,2,2,6,2,1,6,1,1,5,5,6,2,16,165.4375,5,1,10,4,6.875,9,NA,0,0,0,0,7,2,16,1,1,84,0,114,99
182p1t2,FSUS,1,1,Before,T2,15,Male,White,Once a week,NA,B,20.68,10,6,16,A,20,7,10,17,1,-3,4,5.6,4.25,2.75,5.67,4,0,1,1,1,1,0,1,0,1,0,1,1,1,1,1,1,0,1,0,0,1,0,0,1,0,0,0,1,1,1,1,0,0,0,1,1,1,0,0,1,0,0,0,1,1,1,1,0,0,1,1,1,1,1,0,1,6,7,1,1,1,4,1,6,2,2,2,1,6,4,1,6,4,4,7,7,6,6,2,7,NA,NA,NA,NA,NA,NA,NA,NA,NA,NA,NA,NA,NA,NA,NA,NA,NA,NA,NA,NA,NA,NA
217p2t1,FSUS,1,1,After,T1,14,Male,White,Everyday,Yes,B,23.85,9,9,18,NA,NA,NA,NA,NA,NA,NA,NA,NA,NA,NA,NA,NA,1,0,1,0,0,1,1,1,1,1,0,1,0,1,1,1,0,1,1,0,1,0,0,1,1,1,0,1,NA,NA,NA,NA,NA,NA,NA,NA,NA,NA,NA,NA,NA,NA,NA,NA,NA,NA,NA,NA,NA,NA,NA,NA,NA,NA,NA,NA,NA,NA,NA,NA,NA,NA,NA,NA,NA,NA,NA,NA,NA,NA,NA,NA,NA,NA,NA,NA,NA,NA,NA,NA,NA,NA,NA,NA,NA,NA,NA,NA,NA,NA,NA,NA,NA,NA,NA,NA,NA,NA,NA,NA,NA,NA
219p2t1,FSUS,1,1,After,T1,15,Male,White,3 to 4 times a week,Yes,B,30.63,3,7,10,A,25.42,6,6,12,2,3,-1,5.6,4.75,3.25,6,2.5,0,0,1,0,0,0,1,0,1,0,0,0,0,0,1,1,0,1,1,0,1,0,0,1,0,1,0,0,1,1,1,1,0,0,0,0,1,0,0,1,0,0,0,1,1,0,1,1,0,0,0,1,0,1,0,0,5,7,3,3,6,4,4,7,4,4,5,2,4,6,1,5,3,2,5,5,4,3,4,7,NA,NA,NA,NA,NA,NA,NA,NA,NA,NA,NA,NA,NA,NA,NA,NA,NA,NA,NA,NA,NA,NA
335p3t0,FSUS,1,1,Control,Control,14,Male,Black or African American,Everyday,NA,B,11.87,3,1,4,A,16.12,5,4,9,5,2,3,1.6,5.25,6.75,5,1,0,0,0,0,0,1,1,0,0,0,0,1,0,0,0,1,0,0,0,0,0,0,0,0,0,0,0,0,0,0,0,0,0,0,1,0,1,1,0,1,1,0,0,1,1,0,0,0,0,1,1,0,0,0,0,0,1,2,7,5,1,4,7,7,5,6,1,7,1,7,7,7,1,1,1,3,3,7,7,1,7,124.85714285714286,4,0,3,0,11.428571428571429,4,NA,0,0,0,0,4,0,12,9,0,55,0,75,42
340p3t0,FSUS,1,1,Control,Control,14,Female,Mixed,Never,Yes,B,15.05,7,4,11,A,21.13,7,7,14,3,0,3,2.6,2.25,5,1.33,1.5,1,1,1,0,1,0,0,1,1,0,0,1,0,0,0,1,0,0,1,0,0,0,0,0,1,0,0,1,1,1,0,1,1,0,1,1,0,0,0,1,0,0,0,1,1,0,1,1,1,0,1,0,0,0,0,1,2,3,4,6,2,1,3,3,6,4,2,6,4,1,6,1,1,2,4,2,2,6,4,2,13,150.53846153846155,2,3,8,3,5.384615384615385,0,NA,0,0,0,0,0,0,64,63,0,18,1,359,34
336p3t0,FSUS,0,1,Control,Control,15,Female,Mixed,Once a month or less,Yes,B,13.88,5,3,8,A,32.28,5,5,10,2,0,2,7,7,7,7,7,1,1,0,0,0,0,0,0,1,0,1,1,0,0,0,0,0,0,0,1,0,0,0,1,0,0,0,1,1,0,1,0,0,0,0,0,1,0,0,1,1,0,0,0,1,0,0,0,0,1,0,1,0,0,1,1,7,7,1,1,7,7,7,7,1,7,1,7,1,7,1,7,7,7,7,7,7,7,7,7,NA,NA,NA,NA,NA,NA,NA,NA,NA,NA,NA,NA,NA,NA,NA,NA,NA,NA,NA,NA,NA,NA
341p3t0,FSUS,0,0,Control,Control,15,Male,Hispanic,3 to 4 times a week,Yes,B,16,12,7,19,NA,NA,NA,NA,NA,NA,NA,NA,NA,NA,NA,NA,NA,1,1,1,1,1,1,1,1,1,0,1,1,0,1,1,1,0,0,1,1,1,0,0,1,0,0,0,1,NA,NA,NA,NA,NA,NA,NA,NA,NA,NA,NA,NA,NA,NA,NA,NA,NA,NA,NA,NA,NA,NA,NA,NA,NA,NA,NA,NA,NA,NA,NA,NA,NA,NA,NA,NA,NA,NA,NA,NA,NA,NA,NA,NA,NA,NA,NA,NA,NA,NA,NA,NA,NA,NA,NA,NA,NA,NA,NA,NA,NA,NA,NA,NA,NA,NA,NA,NA,NA,NA,NA,NA,NA,NA
195p1t1,FSUS,1,1,Before,T1,14,Female,Black or African American,Once a month or less,NA,B,18.07,7,6,13,NA,NA,NA,NA,NA,NA,NA,NA,NA,NA,NA,NA,NA,1,1,1,0,0,0,0,0,1,1,1,1,0,0,1,1,0,0,1,0,0,0,0,1,1,1,0,0,NA,NA,NA,NA,NA,NA,NA,NA,NA,NA,NA,NA,NA,NA,NA,NA,NA,NA,NA,NA,NA,NA,NA,NA,NA,NA,NA,NA,NA,NA,NA,NA,NA,NA,NA,NA,NA,NA,NA,NA,NA,NA,NA,NA,NA,NA,NA,NA,NA,NA,NA,NA,23,88.69565217391305,4,0,19,4,3.4782608695652173,12,64.81818181818181,2,8,1,1,0,0,25,8,0,44,1,138,41
342p3t0,FSUS,1,1,Control,Control,15,Male,Black or African American,Once a week,Yes,B,18.45,4,8,12,A,15.27,6,4,10,-2,2,-4,NA,NA,NA,NA,NA,0,0,1,0,1,0,0,0,1,0,0,1,0,0,0,1,0,1,1,0,0,0,1,1,1,1,0,1,1,0,0,1,1,0,1,1,0,0,0,0,1,0,0,1,0,0,1,0,1,0,0,0,0,0,0,1,NA,NA,NA,NA,NA,NA,7,4,NA,NA,NA,3,4,NA,NA,NA,NA,NA,NA,NA,NA,NA,4,NA,16,353,4,2,10,8,6.25,5,NA,0,0,0,0,4,1,29,27,0,140,2,305,174
343p3t0,FSUS,1,1,Control,Control,15,Male,Black or African American,Everyday,Yes,B,18.85,4,2,6,A,9.77,2,3,5,-1,-2,1,3.4,6.75,4,5.67,2.5,0,1,0,0,0,1,0,0,0,1,0,0,1,0,0,0,0,0,1,1,0,0,0,0,0,0,0,0,0,1,0,0,0,0,0,0,0,0,0,0,1,0,0,0,0,0,0,1,0,0,0,0,0,1,0,1,4,2,4,4,3,7,7,6,1,3,5,3,1,6,4,7,2,3,4,4,7,3,7,4,12,356.6666666666667,1,5,6,4,5.833333333333333,0,NA,0,0,0,0,0,0,33,60,0,39,1,342,73
248p3t0,FSUS,1,1,Control,Control,15,Female,Hispanic,Once a month or less,Yes,B,14.32,8,3,11,A,15.15,8,5,13,2,0,2,6.6,5.5,6.25,3.67,6.5,0,0,1,1,0,0,1,0,1,1,1,1,1,0,1,0,0,0,0,0,0,0,0,1,0,0,0,1,1,1,0,1,0,0,0,1,1,0,0,1,1,1,0,0,0,0,0,0,1,1,1,1,0,0,0,1,7,7,2,2,7,5,6,7,4,6,2,7,2,3,4,4,7,6,6,6,4,6,6,4,13,350.15384615384613,3,2,8,5,6.153846153846154,5,NA,0,0,0,0,4,1,80,9,6,49,1,254,151
254p3t0,FSUS,1,1,Control,Control,14,Female,White,Once a week,Yes,B,17.92,6,7,13,A,20,10,5,15,2,4,-2,6.6,5.5,5.25,3.67,6,0,1,0,0,0,0,0,0,1,1,1,1,0,1,1,1,0,0,1,0,1,0,1,1,1,0,0,0,1,1,0,0,1,0,1,1,1,1,0,1,1,1,0,1,0,0,1,1,0,1,1,0,0,0,0,0,7,7,2,2,7,6,5,5,2,5,2,5,3,3,4,4,7,5,6,6,6,6,5,4,27,659,5,11,11,5,7.777777777777778,10,NA,0,0,0,0,7,3,108,17,19,28,7,463,355
201p1t1,FSUS,1,1,Before,T1,14,Male,Hispanic,Everyday,Yes,B,16.18,5,5,10,A,18.73,12,12,24,14,7,7,4.8,3,5.5,6.33,3.5,0,1,0,1,1,0,1,0,0,0,0,0,1,0,1,0,0,0,0,0,1,0,0,1,0,1,0,1,1,1,1,1,1,0,1,1,1,1,0,1,1,1,1,1,1,0,1,0,1,1,1,1,1,1,1,1,5,5,3,2,3,3,2,4,5,5,1,6,4,6,2,7,3,4,5,6,3,7,4,6,15,599.6666666666666,4,2,9,7,6.666666666666667,18,56.5,2,4,1,1,5,5,155,38,12,33,12,620,263
252p3t0,FSUS,1,1,Control,Control,14,Female,White,3 to 4 times a week,Yes,B,16.63,4,2,6,A,17.48,11,6,17,11,7,4,6.8,4.5,6,3.67,6,0,0,0,1,0,0,0,1,1,0,1,0,0,0,0,0,0,0,0,0,0,0,1,0,0,1,0,0,1,1,1,1,1,0,1,1,1,1,0,1,0,1,1,1,1,0,0,0,0,1,1,0,0,0,1,0,6,7,1,1,7,4,4,4,2,5,1,5,1,3,4,4,6,6,7,7,6,7,7,4,22,403.1363636363636,7,3,12,13,7.7272727272727275,14,NA,0,0,0,0,9,5,282,32,24,174,16,801,510
197p1t1,FSUS,1,1,Before,T1,14,Male,Mixed,3 to 4 times a week,Yes,B,15.37,11,6,17,A,17.88,12,11,23,6,1,5,6.8,6.25,6.75,4.67,5.5,0,1,1,0,1,1,1,0,1,1,1,1,1,1,1,0,0,0,1,0,1,0,0,1,0,1,0,1,1,1,1,1,1,0,1,1,1,1,0,1,1,1,1,1,1,0,1,0,1,1,1,1,0,1,1,1,7,7,1,1,6,6,6,7,2,7,1,7,2,4,3,5,6,5,7,7,6,7,6,5,16,380.5,6,3,7,5,9.375,11,82.25,3,2,2,1,2,1,181,23,20,32,28,346,495
199p1t1,FSUS,1,1,Before,T1,14,Male,White,3 to 4 times a week,Yes,B,19.8,9,7,16,A,17.42,12,10,22,6,3,3,5.4,4.75,4.5,6,2.5,0,1,1,1,0,0,1,0,1,1,0,1,1,1,1,1,0,1,1,0,1,0,0,1,0,0,0,1,1,0,1,1,1,1,1,1,1,1,0,1,1,1,1,1,1,0,1,0,1,1,0,1,1,0,1,1,5,6,2,3,5,4,3,7,3,4,3,4,3,5,1,6,4,1,6,5,5,5,5,7,44,249.3409090909091,24,6,14,16,12.272727272727273,31,50.54545454545455,5,8,3,6,8,1,118,21,17,58,23,518,270
229p2t1,FSUS,1,1,After,T1,16,Male,Mixed,Everyday,Yes,B,19.77,8,5,13,A,14.6,9,5,14,1,1,0,6.4,5.5,6.25,1,6.5,1,0,0,1,0,1,1,1,1,0,0,1,0,1,0,1,0,0,1,0,1,0,0,0,0,1,0,1,1,0,1,1,0,1,0,1,1,1,0,1,0,1,0,1,1,0,1,0,0,0,1,0,0,0,0,1,7,7,1,4,7,4,4,7,1,7,4,7,1,1,7,1,6,7,7,4,7,4,7,1,29,420.62068965517244,2,3,24,19,2.413793103448276,21,98.13333333333334,4,7,4,2,3,1,114,16,10,94,5,352,246
253p3t0,FSUS,1,1,Control,Control,14,Female,White,3 to 4 times a week,NA,B,21.78,12,10,22,A,22.85,11,11,22,0,-1,1,6,5.75,6.25,3.67,5,1,1,1,1,1,1,1,0,1,0,1,1,1,1,1,1,0,1,1,0,1,0,1,1,1,1,0,1,1,1,1,0,1,0,1,1,1,1,0,1,1,1,1,1,1,0,1,0,1,1,1,1,1,0,1,1,6,6,2,1,5,5,5,7,2,6,1,6,2,3,4,4,4,6,6,7,6,7,6,4,27,169.59259259259258,6,6,15,4,6.666666666666667,5,NA,0,0,0,0,5,0,48,18,18,42,10,329,210
233p2t1,FSUS,1,1,After,T1,14,Female,Black or African American,3 to 4 times a week,Yes,B,28.43,7,4,11,A,15.92,8,6,14,3,1,2,7,5.75,6.5,5,6,0,1,1,0,1,0,1,0,1,0,1,0,0,1,0,1,0,0,1,0,1,0,0,0,0,0,0,1,1,1,0,0,0,0,1,0,1,1,0,1,1,1,0,1,0,0,0,0,1,1,0,0,1,0,1,1,7,7,1,1,7,7,5,6,3,7,1,5,1,4,4,7,6,6,7,7,5,7,7,4,13,361,1,3,9,2,3.8461538461538463,3,69.33333333333333,1,1,0,1,0,0,55,3,37,30,27,215,279
262p3t0,FSUS,1,1,Control,Control,14,Male,White,Once a week,NA,B,5.28,5,3,8,A,7.6,7,3,10,2,2,0,4.2,4,4,3.67,2.5,1,0,0,0,1,0,0,0,1,0,1,1,0,0,1,0,0,0,0,0,0,0,1,0,0,0,0,1,1,1,0,0,1,0,0,1,0,1,0,1,1,0,0,0,1,0,1,0,0,0,0,0,1,0,0,0,4,2,2,3,4,4,4,4,4,4,4,4,4,4,5,4,4,1,6,5,4,4,4,3,75,132.41333333333333,14,13,48,47,5.466666666666667,6,NA,0,0,0,0,6,0,158,119,58,37,30,743,361
259p3t0,FSUS,1,1,Control,Control,15,Female,White,Never,NA,B,6.23,8,3,11,A,7.98,6,4,10,-1,-2,1,4.2,5,5.25,5.67,3.5,1,0,1,0,0,1,1,0,0,1,1,1,0,1,1,1,0,0,0,0,0,0,0,0,0,0,0,1,1,0,0,0,0,0,1,0,1,1,0,1,0,1,0,1,0,0,1,0,0,0,0,0,0,1,1,0,6,4,6,4,5,4,5,4,1,5,2,4,2,6,4,7,4,3,2,4,7,6,6,4,11,194.36363636363637,4,0,7,4,7.2727272727272725,0,NA,0,0,0,0,0,0,16,0,0,94,0,111,105
267p3t0,FSUS,1,1,Control,Control,14,Female,White,Never,Yes,B,10.17,8,7,15,A,16.1,9,8,17,2,1,1,3.8,2.5,5,1,2,0,1,1,0,1,1,1,1,0,0,1,1,0,0,1,1,0,0,1,0,0,0,0,1,1,1,0,1,1,0,1,1,1,0,0,1,1,1,0,1,1,0,0,1,1,0,1,0,0,0,1,1,0,1,1,1,5,2,4,4,4,1,4,4,7,4,2,5,3,1,7,1,2,2,4,4,1,6,5,1,30,184.1,8,0,22,6,5.333333333333333,16,NA,0,0,0,0,8,8,66,19,13,40,12,312,286
260p3t0,FSUS,1,1,Control,Control,14,Male,White,Everyday,Yes,B,13.27,12,6,18,A,12.3,11,9,20,2,-1,3,2.6,4.75,4.25,1.67,1,1,1,1,1,0,1,1,1,1,0,1,1,1,1,1,1,0,0,1,0,1,0,0,0,1,1,0,0,1,1,1,1,0,0,1,1,1,1,0,1,1,1,1,0,0,0,1,1,1,1,1,1,1,0,1,0,2,2,6,4,3,5,4,5,3,4,3,5,5,1,6,2,1,1,2,4,5,5,3,2,51,163.50980392156862,21,7,23,32,9.607843137254902,22,NA,0,0,0,0,20,2,103,6,17,100,4,273,139
238p2t2,FSUS,1,1,After,T2,15,Female,Hispanic,Once a month or less,Yes,B,18.78,8,4,12,A,17.3,9,6,15,3,1,2,4.2,4.25,4.5,1,2.5,0,0,1,1,1,1,0,0,1,0,1,1,0,1,0,1,0,0,1,0,1,0,0,1,0,0,0,0,1,1,1,1,0,0,1,0,1,0,0,1,1,1,0,1,0,0,1,0,0,1,1,0,0,0,1,1,4,4,3,3,3,5,4,4,4,6,3,4,5,1,7,1,1,4,5,5,4,5,3,1,15,292.06666666666666,1,2,12,8,2.6666666666666665,9,58.166666666666664,1,2,4,0,2,0,19,2,1,74,1,264,97
236p2t2,FSUS,1,1,After,T2,15,Female,Black or African American,Once a month or less,Yes,B,19.2,9,5,14,A,18.05,11,8,19,5,2,3,6.8,3,4.75,4,7,1,0,1,1,0,0,1,1,0,0,1,1,1,1,0,0,0,0,1,0,1,0,0,1,1,1,0,0,1,1,1,1,0,0,1,1,1,1,0,1,1,1,1,1,1,0,1,0,0,1,1,1,0,0,1,0,7,7,1,1,6,3,1,4,4,4,2,4,3,3,5,6,7,7,7,7,4,6,5,3,22,271.6363636363636,5,3,14,13,5.909090909090909,14,96,1,3,4,0,4,2,83,4,8,144,4,348,214
266p3t0,FSUS,1,1,Control,Control,14,Male,Hispanic,Everyday,Yes,B,20.68,8,6,14,A,12.65,12,11,23,9,4,5,5.2,4,5.75,3,4.5,0,1,1,1,0,1,1,1,0,0,1,1,0,0,1,1,0,0,1,1,1,0,0,0,0,0,0,1,1,1,1,1,1,0,1,1,1,1,0,1,1,1,1,1,1,0,1,1,1,1,1,0,1,0,1,1,5,5,2,3,5,4,3,4,3,5,2,6,2,2,4,3,4,5,6,5,5,6,6,4,38,215.73684210526315,16,3,19,20,9.210526315789474,20,NA,0,0,0,0,19,1,191,13,17,79,1,666,828
208p1t2,FSUS,1,1,Before,T2,14,Female,Black or African American,Once a month or less,Yes,B,28,8,6,14,A,16.8,12,9,21,7,4,3,5.8,3.5,6.75,1,6,0,1,0,1,0,1,0,1,1,0,1,1,0,1,0,0,0,0,1,0,1,0,0,1,1,1,0,1,1,1,1,1,1,0,1,1,1,1,0,1,1,1,1,0,0,0,1,0,1,1,1,1,1,0,1,1,5,4,1,1,6,4,3,3,4,6,1,7,1,1,7,1,7,5,7,7,4,7,7,1,18,423.1111111111111,3,4,11,9,5.555555555555555,16,54.6,1,4,2,0,5,4,89,8,52,17,35,582,326
261p3t0,FSUS,1,1,Control,Control,15,Female,Hispanic,Everyday,Yes,NA,NA,NA,NA,NA,NA,NA,NA,NA,NA,NA,NA,NA,6.2,4.75,1.75,5.33,4,NA,NA,NA,NA,NA,NA,NA,NA,NA,NA,NA,NA,NA,NA,NA,NA,NA,NA,NA,NA,NA,NA,NA,NA,NA,NA,NA,NA,1,1,0,1,1,0,0,1,1,1,0,1,1,1,1,1,1,0,1,0,1,1,1,1,1,0,0,0,6,6,1,2,6,4,4,4,1,2,6,1,6,3,1,6,2,6,7,6,7,2,2,7,11,181.36363636363637,5,1,5,3,10,5,NA,0,0,0,0,4,1,39,3,3,70,0,141,96
360p3t0,FSUS,1,1,Control,Control,15,Female,Black or African American,Once a month or less,Yes,NA,NA,NA,NA,NA,NA,NA,NA,NA,NA,NA,NA,NA,NA,NA,NA,NA,NA,NA,NA,NA,NA,NA,NA,NA,NA,NA,NA,NA,NA,NA,NA,NA,NA,NA,NA,NA,NA,NA,NA,NA,NA,NA,NA,NA,NA,NA,NA,NA,NA,NA,NA,NA,NA,NA,NA,NA,NA,NA,NA,NA,NA,NA,NA,NA,NA,NA,NA,NA,NA,NA,NA,NA,NA,NA,NA,NA,NA,NA,NA,NA,NA,NA,NA,NA,NA,NA,NA,NA,NA,NA,NA,NA,NA,NA,NA,NA,NA,4,266.75,1,0,3,1,5,0,NA,0,0,0,0,0,0,27,5,0,16,0,58,14
226p2t2,FSUS,0,0,After,T2,15,Female,Mixed,3 to 4 times a week,Yes,NA,NA,NA,NA,NA,NA,NA,NA,NA,NA,NA,NA,NA,NA,NA,NA,NA,NA,NA,NA,NA,NA,NA,NA,NA,NA,NA,NA,NA,NA,NA,NA,NA,NA,NA,NA,NA,NA,NA,NA,NA,NA,NA,NA,NA,NA,NA,NA,NA,NA,NA,NA,NA,NA,NA,NA,NA,NA,NA,NA,NA,NA,NA,NA,NA,NA,NA,NA,NA,NA,NA,NA,NA,NA,NA,NA,NA,NA,NA,NA,NA,NA,NA,NA,NA,NA,NA,NA,NA,NA,NA,NA,NA,NA,NA,NA,NA,NA,NA,NA,NA,NA,NA,NA,NA,NA,NA,NA,NA,NA,NA,NA,NA,NA,NA,NA,NA,NA,NA,NA
215p2t1,FSUS,1,1,After,T1,15,Female,White,Never,NA,B,173.15,10,7,17,A,21.38,11,9,20,3,1,2,5.4,3.5,4,4,5,1,1,0,0,1,1,1,1,1,0,0,1,1,1,1,1,0,0,0,0,1,0,0,1,1,1,0,1,1,1,1,1,1,0,1,1,1,1,0,1,0,1,0,1,1,0,1,0,1,1,0,1,1,0,1,1,5,5,2,2,5,3,2,3,2,4,4,3,3,4,3,3,5,5,6,6,6,4,5,5,8,204.5,0,1,7,2,1.25,13,133.5,0,4,0,0,0,9,17,3,0,57,1,113,78
188p1t2,FSUS,1,1,Before,T2,14,Male,Black or African American,3 to 4 times a week,Yes,B,44.75,6,3,9,A,20.92,5,8,13,4,-1,5,5.8,7,7,5,7,0,0,0,1,0,1,1,0,1,0,1,1,0,0,0,1,0,0,0,0,0,0,0,1,1,0,0,0,0,0,0,1,0,0,1,0,1,0,0,0,1,1,1,1,0,1,0,1,1,1,1,0,0,1,0,0,7,7,7,1,7,7,7,7,1,7,1,7,1,7,7,7,7,7,1,7,7,7,7,1,NA,NA,NA,NA,NA,NA,NA,NA,NA,NA,NA,NA,NA,NA,NA,NA,NA,NA,NA,NA,NA,NA
285p1t1,FSUS,1,1,Before,T1,15,Female,Asian,3 to 4 times a week,Yes,NA,NA,NA,NA,NA,NA,NA,NA,NA,NA,NA,NA,NA,5.6,3,5,5.67,3.5,NA,NA,NA,NA,NA,NA,NA,NA,NA,NA,NA,NA,NA,NA,NA,NA,NA,NA,NA,NA,NA,NA,NA,NA,NA,NA,NA,NA,1,1,0,0,1,0,1,1,1,1,0,1,1,1,1,1,0,0,0,1,0,0,1,1,1,0,1,1,5,5,2,2,6,2,2,4,4,4,2,5,3,6,2,5,5,2,6,6,4,6,5,6,9,367,4,1,4,3,10,5,123.6,0,4,0,1,0,0,41,3,0,45,1,109,35
200p1t2,FSUS,1,1,Before,T2,NA,NA,NA,NA,NA,NA,NA,NA,NA,NA,A,13.62,5,5,10,NA,NA,NA,5.2,4.25,4.25,5.33,4.5,NA,NA,NA,NA,NA,NA,NA,NA,NA,NA,NA,NA,NA,NA,NA,NA,NA,NA,NA,NA,NA,NA,NA,NA,NA,NA,NA,NA,1,1,0,0,0,0,0,0,1,0,0,1,0,1,1,0,1,0,1,0,0,0,1,0,1,0,0,0,6,6,4,2,4,3,3,6,3,3,3,4,3,4,2,6,6,3,4,6,5,5,5,6,9,203.22222222222223,1,1,7,3,3.3333333333333335,4,118.25,1,1,0,2,0,0,49,3,0,1,0,167,57
339p3t0,FSUS,0,1,Control,Control,NA,NA,NA,NA,NA,NA,NA,NA,NA,NA,B,13.78,10,4,14,NA,NA,NA,3.6,3.75,4.75,1.33,2.5,NA,NA,NA,NA,NA,NA,NA,NA,NA,NA,NA,NA,NA,NA,NA,NA,NA,NA,NA,NA,NA,NA,NA,NA,NA,NA,NA,NA,1,1,1,0,1,1,0,0,1,1,0,1,1,1,1,0,0,0,0,0,0,1,0,1,0,0,0,1,3,5,5,4,3,4,3,3,3,5,1,2,3,1,6,1,2,3,3,4,5,7,5,2,NA,NA,NA,NA,NA,NA,NA,NA,NA,NA,NA,NA,NA,NA,NA,NA,NA,NA,NA,NA,NA,NA
223p2t1,FSUS,1,1,After,T1,NA,NA,NA,NA,NA,NA,NA,NA,NA,NA,B,15.32,11,8,19,NA,NA,NA,6.4,3.5,7,3.33,5.5,NA,NA,NA,NA,NA,NA,NA,NA,NA,NA,NA,NA,NA,NA,NA,NA,NA,NA,NA,NA,NA,NA,NA,NA,NA,NA,NA,NA,0,1,1,1,0,0,1,1,1,1,1,1,1,1,1,1,0,1,0,0,0,1,0,1,1,1,0,1,7,7,1,3,6,4,4,4,6,7,1,7,1,2,4,4,4,7,7,5,2,7,7,4,26,253.69230769230768,4,1,21,8,3.4615384615384617,39,99,3,4,3,1,17,11,115,36,9,78,17,448,237
232p2t2,FSUS,0,0,After,T2,NA,NA,NA,NA,NA,NA,NA,NA,NA,NA,B,12.92,6,4,10,NA,NA,NA,7,5,7,2.67,4.5,NA,NA,NA,NA,NA,NA,NA,NA,NA,NA,NA,NA,NA,NA,NA,NA,NA,NA,NA,NA,NA,NA,NA,NA,NA,NA,NA,NA,0,1,0,0,1,0,1,1,0,0,1,1,0,0,0,1,0,0,1,0,0,0,1,0,0,0,0,1,7,7,1,1,7,7,4,6,5,7,1,7,1,2,5,3,5,4,7,7,3,7,7,3,NA,NA,NA,NA,NA,NA,NA,NA,NA,NA,NA,NA,NA,NA,NA,NA,NA,NA,NA,NA,NA,NA
198p1t2,FSUS,1,1,Before,T2,NA,NA,NA,NA,NA,NA,NA,NA,NA,NA,B,15.23,9,6,15,NA,NA,NA,4,3,5,3.33,3.5,NA,NA,NA,NA,NA,NA,NA,NA,NA,NA,NA,NA,NA,NA,NA,NA,NA,NA,NA,NA,NA,NA,NA,NA,NA,NA,NA,NA,0,1,1,0,1,0,1,1,1,0,0,1,1,1,1,1,0,1,1,0,1,1,0,0,0,0,0,0,3,4,3,3,3,3,2,4,5,4,2,5,3,4,4,2,3,4,5,5,3,6,5,4,13,264.9230769230769,4,0,9,5,6.153846153846154,5,53,2,1,1,0,1,0,38,1,39,60,14,200,162
183p1t1,FSUS,0,0,Before,T1,NA,NA,NA,NA,NA,NA,NA,NA,NA,NA,NA,NA,NA,NA,NA,NA,NA,NA,NA,NA,NA,NA,NA,NA,NA,NA,NA,NA,NA,NA,NA,NA,NA,NA,NA,NA,NA,NA,NA,NA,NA,NA,NA,NA,NA,NA,NA,NA,NA,NA,NA,NA,NA,NA,NA,NA,NA,NA,NA,NA,NA,NA,NA,NA,NA,NA,NA,NA,NA,NA,NA,NA,NA,NA,NA,NA,NA,NA,NA,NA,NA,NA,NA,NA,NA,NA,NA,NA,NA,NA,NA,NA,NA,NA,NA,NA,NA,NA,NA,NA,NA,NA,NA,NA,NA,NA,NA,NA,NA,NA,NA,NA,NA,NA,NA,NA,NA,NA,NA,NA,NA,NA,NA,NA,NA
216p2t2,FSUS,1,1,After,T2,NA,NA,NA,NA,NA,NA,NA,NA,NA,NA,NA,NA,NA,NA,NA,NA,NA,NA,NA,NA,NA,NA,NA,NA,NA,NA,NA,NA,NA,NA,NA,NA,NA,NA,NA,NA,NA,NA,NA,NA,NA,NA,NA,NA,NA,NA,NA,NA,NA,NA,NA,NA,NA,NA,NA,NA,NA,NA,NA,NA,NA,NA,NA,NA,NA,NA,NA,NA,NA,NA,NA,NA,NA,NA,NA,NA,NA,NA,NA,NA,NA,NA,NA,NA,NA,NA,NA,NA,NA,NA,NA,NA,NA,NA,NA,NA,NA,NA,NA,NA,NA,NA,NA,3,333.6666666666667,0,0,3,0,0,4,55,0,0,1,0,3,0,35,5,3,64,1,57,24
331p3t0,FSUS,0,0,Control,Control,NA,NA,NA,NA,NA,NA,NA,NA,NA,NA,NA,NA,NA,NA,NA,NA,NA,NA,NA,NA,NA,NA,NA,NA,NA,NA,NA,NA,NA,NA,NA,NA,NA,NA,NA,NA,NA,NA,NA,NA,NA,NA,NA,NA,NA,NA,NA,NA,NA,NA,NA,NA,NA,NA,NA,NA,NA,NA,NA,NA,NA,NA,NA,NA,NA,NA,NA,NA,NA,NA,NA,NA,NA,NA,NA,NA,NA,NA,NA,NA,NA,NA,NA,NA,NA,NA,NA,NA,NA,NA,NA,NA,NA,NA,NA,NA,NA,NA,NA,NA,NA,NA,NA,NA,NA,NA,NA,NA,NA,NA,NA,NA,NA,NA,NA,NA,NA,NA,NA,NA,NA,NA,NA,NA,NA
334p3t0,FSUS,0,0,Control,Control,NA,NA,NA,NA,NA,NA,NA,NA,NA,NA,NA,NA,NA,NA,NA,NA,NA,NA,NA,NA,NA,NA,NA,NA,NA,NA,NA,NA,NA,NA,NA,NA,NA,NA,NA,NA,NA,NA,NA,NA,NA,NA,NA,NA,NA,NA,NA,NA,NA,NA,NA,NA,NA,NA,NA,NA,NA,NA,NA,NA,NA,NA,NA,NA,NA,NA,NA,NA,NA,NA,NA,NA,NA,NA,NA,NA,NA,NA,NA,NA,NA,NA,NA,NA,NA,NA,NA,NA,NA,NA,NA,NA,NA,NA,NA,NA,NA,NA,NA,NA,NA,NA,NA,NA,NA,NA,NA,NA,NA,NA,NA,NA,NA,NA,NA,NA,NA,NA,NA,NA,NA,NA,NA,NA,NA
222p2t2,FSUS,0,0,After,T2,NA,NA,NA,NA,NA,NA,NA,NA,NA,NA,NA,NA,NA,NA,NA,NA,NA,NA,NA,NA,NA,NA,NA,NA,NA,NA,NA,NA,NA,NA,NA,NA,NA,NA,NA,NA,NA,NA,NA,NA,NA,NA,NA,NA,NA,NA,NA,NA,NA,NA,NA,NA,NA,NA,NA,NA,NA,NA,NA,NA,NA,NA,NA,NA,NA,NA,NA,NA,NA,NA,NA,NA,NA,NA,NA,NA,NA,NA,NA,NA,NA,NA,NA,NA,NA,NA,NA,NA,NA,NA,NA,NA,NA,NA,NA,NA,NA,NA,NA,NA,NA,NA,NA,NA,NA,NA,NA,NA,NA,NA,NA,NA,NA,NA,NA,NA,NA,NA,NA,NA,NA,NA,NA,NA,NA
194p1t2,FSUS,0,0,Before,T2,NA,NA,NA,NA,NA,NA,NA,NA,NA,NA,NA,NA,NA,NA,NA,NA,NA,NA,NA,NA,NA,NA,NA,NA,NA,NA,NA,NA,NA,NA,NA,NA,NA,NA,NA,NA,NA,NA,NA,NA,NA,NA,NA,NA,NA,NA,NA,NA,NA,NA,NA,NA,NA,NA,NA,NA,NA,NA,NA,NA,NA,NA,NA,NA,NA,NA,NA,NA,NA,NA,NA,NA,NA,NA,NA,NA,NA,NA,NA,NA,NA,NA,NA,NA,NA,NA,NA,NA,NA,NA,NA,NA,NA,NA,NA,NA,NA,NA,NA,NA,NA,NA,NA,NA,NA,NA,NA,NA,NA,NA,NA,NA,NA,NA,NA,NA,NA,NA,NA,NA,NA,NA,NA,NA,NA
193p1t1,FSUS,0,0,Before,T1,NA,NA,NA,NA,NA,NA,NA,NA,NA,NA,NA,NA,NA,NA,NA,NA,NA,NA,NA,NA,NA,NA,NA,NA,NA,NA,NA,NA,NA,NA,NA,NA,NA,NA,NA,NA,NA,NA,NA,NA,NA,NA,NA,NA,NA,NA,NA,NA,NA,NA,NA,NA,NA,NA,NA,NA,NA,NA,NA,NA,NA,NA,NA,NA,NA,NA,NA,NA,NA,NA,NA,NA,NA,NA,NA,NA,NA,NA,NA,NA,NA,NA,NA,NA,NA,NA,NA,NA,NA,NA,NA,NA,NA,NA,NA,NA,NA,NA,NA,NA,NA,NA,NA,NA,NA,NA,NA,NA,NA,NA,NA,NA,NA,NA,NA,NA,NA,NA,NA,NA,NA,NA,NA,NA,NA
230p2t2,FSUS,1,1,After,T2,NA,NA,NA,NA,NA,NA,NA,NA,NA,NA,NA,NA,NA,NA,NA,NA,NA,NA,NA,NA,NA,NA,NA,NA,NA,NA,NA,NA,NA,NA,NA,NA,NA,NA,NA,NA,NA,NA,NA,NA,NA,NA,NA,NA,NA,NA,NA,NA,NA,NA,NA,NA,NA,NA,NA,NA,NA,NA,NA,NA,NA,NA,NA,NA,NA,NA,NA,NA,NA,NA,NA,NA,NA,NA,NA,NA,NA,NA,NA,NA,NA,NA,NA,NA,NA,NA,NA,NA,NA,NA,NA,NA,NA,NA,NA,NA,NA,NA,NA,NA,NA,NA,NA,NA,NA,NA,NA,NA,NA,NA,NA,NA,NA,NA,NA,NA,NA,NA,NA,NA,NA,NA,NA,NA,NA
205p1t1,FSUS,0,0,Before,T1,NA,NA,NA,NA,NA,NA,NA,NA,NA,NA,NA,NA,NA,NA,NA,NA,NA,NA,NA,NA,NA,NA,NA,NA,NA,NA,NA,NA,NA,NA,NA,NA,NA,NA,NA,NA,NA,NA,NA,NA,NA,NA,NA,NA,NA,NA,NA,NA,NA,NA,NA,NA,NA,NA,NA,NA,NA,NA,NA,NA,NA,NA,NA,NA,NA,NA,NA,NA,NA,NA,NA,NA,NA,NA,NA,NA,NA,NA,NA,NA,NA,NA,NA,NA,NA,NA,NA,NA,NA,NA,NA,NA,NA,NA,NA,NA,NA,NA,NA,NA,NA,NA,NA,NA,NA,NA,NA,NA,NA,NA,NA,NA,NA,NA,NA,NA,NA,NA,NA,NA,NA,NA,NA,NA,NA
210p1t2,FSUS,1,1,Before,T2,NA,NA,NA,NA,NA,NA,NA,NA,NA,NA,NA,NA,NA,NA,NA,NA,NA,NA,NA,NA,NA,NA,NA,NA,NA,NA,NA,NA,NA,NA,NA,NA,NA,NA,NA,NA,NA,NA,NA,NA,NA,NA,NA,NA,NA,NA,NA,NA,NA,NA,NA,NA,NA,NA,NA,NA,NA,NA,NA,NA,NA,NA,NA,NA,NA,NA,NA,NA,NA,NA,NA,NA,NA,NA,NA,NA,NA,NA,NA,NA,NA,NA,NA,NA,NA,NA,NA,NA,NA,NA,NA,NA,NA,NA,NA,NA,NA,NA,NA,NA,NA,NA,NA,NA,NA,NA,NA,NA,NA,NA,NA,NA,NA,NA,NA,NA,NA,NA,NA,NA,NA,NA,NA,NA,NA
001p1t1,Summer Camp,1,1,Before,T1,NA,NA,NA,NA,NA,A,16.23,11,12,23,B,12.38,12,9,21,-2,1,-3,6.2,4.5,5.5,4.33,6,1,1,0,1,1,0,1,1,1,0,1,1,1,1,1,1,1,0,1,1,1,1,0,1,1,1,1,1,0,1,1,1,1,1,1,1,1,1,0,1,1,1,1,1,0,0,1,0,1,1,1,1,1,0,0,1,6,7,2,2,6,5,4,4,3,5,2,5,2,4,4,5,6,6,6,6,5,6,6,4,31,258.83870967741933,12,13,6,6,11.935483870967742,25,75.33333333333333,4,8,2,2,8,1,116,11,46,44,23,534,358
002p1t2,Summer Camp,1,1,Before,T2,NA,NA,NA,NA,NA,A,11.13,9,9,18,B,10.55,14,8,22,4,5,-1,4.8,5.5,4.5,2,2.5,0,1,1,1,1,0,0,1,1,1,0,1,1,0,0,1,1,0,1,1,0,1,0,1,1,0,1,1,1,1,1,1,1,1,1,1,1,1,1,1,1,1,1,1,0,0,0,1,0,1,1,1,1,0,0,1,5,5,3,2,3,4,6,6,2,3,2,5,4,1,7,4,2,3,5,6,6,6,4,1,56,305.82142857142856,22,18,16,28,11.071428571428571,28,71.36,9,12,2,3,1,1,182,4,29,44,9,862,728
003p1t1,Summer Camp,1,1,Before,T1,NA,NA,NA,NA,NA,B,6.5,13,9,22,A,9.77,12,11,23,1,-1,2,7,7,7,5,6.5,1,1,1,1,1,1,1,1,1,0,1,1,1,1,1,1,0,0,1,0,1,0,1,1,1,1,0,1,1,1,1,1,1,0,1,1,1,1,0,1,1,1,1,1,1,0,1,0,1,1,0,1,1,1,1,1,7,7,1,1,7,7,7,7,1,7,1,7,1,4,1,4,6,7,7,7,7,7,7,7,50,422.66,28,6,16,22,12.4,38,58.041666666666664,6,9,4,5,6,8,157,10,62,105,25,452,405
005p1t1,Summer Camp,1,1,Before,T1,13,Female,Asian,Never,Yes,B,209.62,13,8,21,A,15.13,11,13,24,3,-2,5,5,3,4.5,1.67,4,1,1,1,1,1,1,1,1,1,0,1,1,1,1,1,1,0,1,1,0,1,0,1,1,0,1,0,0,1,1,1,1,0,0,1,1,1,1,0,1,1,1,1,1,1,1,1,1,1,1,1,1,0,1,1,1,5,5,3,4,6,3,2,3,4,5,4,5,4,1,5,1,3,5,5,4,4,4,4,3,27,298.85185185185185,13,6,8,2,11.851851851851851,23,58.5,4,6,2,2,6,3,153,14,39,95,26,612,502
006p1t2,Summer Camp,1,1,Before,T2,12,Female,Mixed,Once a week,Yes,B,14.05,11,8,19,A,16.53,11,9,20,1,0,1,6.8,5.75,7,4.33,6.5,0,1,1,1,1,1,1,1,0,1,0,1,1,1,1,1,0,0,1,0,1,0,1,0,1,1,0,1,1,1,1,1,1,0,0,1,1,1,0,1,1,1,1,1,1,0,1,0,1,0,1,0,1,0,1,1,7,7,1,1,6,5,5,6,1,7,1,7,1,3,3,5,7,6,7,7,7,7,7,5,18,2036.5555555555557,7,4,7,8,10,14,51.333333333333336,1,3,2,0,8,0,80,10,81,105,46,541,514
007p1t1,Summer Camp,1,1,Before,T1,16,Female,White,Once a week,Yes,A,14.05,7,8,15,B,14.58,14,7,21,6,7,-1,5.6,5,6,2,6.5,0,1,0,1,1,0,0,0,1,1,0,1,0,1,0,1,0,0,1,0,1,1,0,1,1,1,1,0,1,1,1,1,1,1,1,1,1,1,1,1,1,1,1,1,0,0,1,0,1,1,0,1,0,1,0,0,5,6,2,2,5,6,4,5,3,6,2,6,2,1,4,1,7,6,6,6,5,6,6,4,35,307.8285714285714,7,10,18,9,6.857142857142857,35,79.4,3,10,2,2,15,3,145,20,27,66,19,568,333
009p1t1,Summer Camp,1,1,Before,T1,12,Male,Black or African American,Everyday,Yes,A,28.62,10,8,18,B,13.52,12,10,22,4,2,2,6.4,4,6,5.33,4,1,0,1,1,0,0,1,1,1,1,1,1,0,1,0,1,1,0,1,0,0,1,0,1,1,0,1,1,1,1,1,1,0,1,1,1,1,0,1,1,1,1,1,1,0,0,1,0,1,1,1,1,1,1,0,1,6,7,1,1,5,6,3,4,5,5,1,6,2,6,4,6,4,4,7,7,3,7,6,4,26,315.46153846153845,12,6,8,10,11.538461538461538,43,63.2,4,5,4,2,21,7,209,17,22,80,6,533,474
013p1t1,Summer Camp,1,1,Before,T1,17,Male,Black or African American,Everyday,Yes,A,25.97,10,10,20,B,20.97,7,10,17,-3,-3,0,5.6,2.5,3.75,4,7,1,1,0,0,1,0,0,1,1,1,1,1,1,1,0,1,1,0,1,0,1,1,1,1,1,0,1,1,0,1,1,0,1,0,1,0,0,1,0,0,1,1,1,1,0,0,1,0,1,1,1,1,1,1,0,1,6,5,2,2,5,2,3,3,6,3,4,4,4,3,3,4,7,7,6,6,2,4,4,5,32,804.625,9,2,21,20,6.25,22,60.875,6,3,7,1,4,1,179,11,29,74,8,348,440
014p1t2,Summer Camp,1,1,Before,T2,14,Male,Hispanic,Everyday,Yes,A,49.75,7,11,18,B,24.12,13,9,22,4,6,-2,7,6.25,7,3,7,0,1,1,1,1,0,0,1,1,0,0,1,0,0,0,1,1,0,1,0,1,1,1,1,1,1,1,1,1,1,1,1,1,1,1,1,1,0,1,1,1,1,1,1,0,0,1,0,1,1,0,1,1,1,0,1,7,7,1,1,7,7,7,4,1,7,1,7,1,4,4,1,7,7,7,7,7,7,7,4,36,283.75,13,8,15,8,9.444444444444445,28,73.88235294117646,6,7,2,2,9,2,99,15,48,92,31,482,404
017p1t1,Summer Camp,1,1,Before,T1,14,Male,Mixed,Everyday,Yes,A,17.8,10,8,18,B,12.1,12,7,19,1,2,-1,4.8,3.75,3.75,3.67,3.5,0,1,1,1,0,0,1,1,1,0,1,1,1,1,0,0,0,0,1,1,1,1,1,0,1,0,1,1,0,1,1,1,1,1,1,1,1,0,1,1,1,1,0,1,0,0,1,0,1,1,0,0,1,1,0,1,4,5,4,3,6,3,2,5,3,4,4,4,5,4,3,2,5,2,4,5,5,4,3,5,38,317.42105263157896,12,16,10,10,10.526315789473685,56,39.95238095238095,8,6,4,3,33,2,172,29,50,74,11,729,404
019p1t1,Summer Camp,1,1,Before,T1,16,Female,White,Never,Yes,A,25.78,8,10,18,B,17.32,10,6,16,-2,2,-4,4.6,2.5,4.25,4,3.5,1,1,0,0,0,0,1,0,1,1,1,1,0,1,1,1,1,0,1,1,0,1,0,1,1,0,1,1,0,1,1,0,1,1,1,1,1,0,0,1,1,1,1,1,0,0,0,0,1,1,0,1,0,0,0,1,4,4,3,2,4,2,1,4,5,4,3,3,3,4,1,1,2,5,5,6,3,5,5,7,31,323.7096774193548,6,11,14,8,7.419354838709677,27,83,5,8,2,3,9,0,137,14,28,90,13,673,545
023p1t1,Summer Camp,1,1,Before,T1,16,NA,Black or African American,Once a week,Yes,B,19.63,7,5,12,A,14.7,13,11,24,12,6,6,4.8,3.75,5,4.33,4,1,1,0,1,0,0,0,0,0,0,1,1,1,1,0,1,0,0,0,0,1,0,0,1,1,1,0,0,1,1,1,1,1,1,1,1,1,1,0,1,1,1,1,1,0,0,1,0,1,1,1,1,1,1,1,1,5,5,2,4,4,3,2,4,2,4,2,6,4,3,2,4,5,3,6,4,6,6,4,6,56,381.92857142857144,16,12,28,28,7.857142857142857,49,40.925925925925924,9,6,7,5,14,8,115,24,58,93,43,592,288
031p2t1,Summer Camp,1,1,After,T1,NA,NA,NA,NA,NA,B,18.97,10,6,16,A,11.25,11,10,21,5,1,4,5.6,5.25,5.5,6,5,0,1,1,1,1,1,1,0,1,0,1,1,0,1,1,1,0,0,1,0,1,0,0,0,1,0,0,1,1,1,0,1,1,0,1,1,1,1,0,1,1,1,0,1,1,0,1,0,1,1,1,1,1,0,1,1,6,6,1,3,4,5,4,6,2,6,2,5,3,4,1,7,5,5,7,5,6,6,5,7,43,123.86046511627907,12,6,25,15,6.976744186046512,27,68.05263157894737,7,8,2,2,8,0,134,3,22,29,9,408,306
032p2t2,Summer Camp,1,1,After,T2,NA,NA,NA,NA,NA,B,7.92,9,8,17,A,7.65,7,5,12,-5,-2,-3,5,3.5,5.75,1,3,0,1,1,0,1,1,1,0,1,0,0,1,1,1,1,1,0,0,0,0,1,0,1,1,1,1,0,1,1,1,0,1,1,0,0,0,1,0,0,1,1,0,1,1,0,0,1,0,1,0,0,0,1,0,0,0,5,3,5,1,7,4,5,4,7,7,4,5,1,1,7,1,3,3,3,7,1,4,7,1,35,372.77142857142854,5,7,23,14,4.857142857142857,25,101.27272727272727,5,5,1,2,11,1,115,35,30,92,16,625,449
033p2t1,Summer Camp,1,1,After,T1,NA,NA,NA,NA,NA,A,13.67,10,12,22,B,12.68,14,11,25,3,4,-1,5.2,6,5,2.33,3.5,0,1,1,1,1,0,1,1,1,1,0,1,0,1,1,1,0,1,1,1,1,1,0,1,1,1,1,1,1,1,1,1,1,1,1,1,1,1,1,1,1,1,1,1,0,1,1,1,1,1,1,1,1,0,0,1,4,5,1,2,4,6,5,6,1,4,2,4,2,1,6,4,3,4,7,6,7,6,6,2,51,287.4117647058824,18,3,30,23,7.647058823529412,45,51.148148148148145,8,9,3,9,15,1,98,16,39,52,19,559,384
036p2t2,Summer Camp,1,1,After,T2,NA,NA,NA,NA,NA,B,27.73,11,7,18,A,27.07,12,10,22,4,1,3,6.2,5,6,4,4.5,1,1,1,1,0,1,1,0,0,1,1,1,1,1,0,1,0,0,1,0,1,0,0,1,1,1,0,1,1,1,1,1,0,1,1,1,1,1,0,1,1,1,0,1,1,0,1,0,1,1,1,1,1,0,1,1,6,6,2,1,6,6,3,5,2,6,2,6,2,4,5,5,5,4,6,7,6,6,6,3,39,161.28205128205127,9,8,22,11,6.666666666666667,19,39.05555555555556,6,8,3,2,0,0,155,35,37,19,19,743,515
037p2t1,Summer Camp,1,1,After,T1,13,Male,Black or African American,Everyday,NA,A,21.87,11,12,23,B,22.78,13,11,24,1,2,-1,6.2,5,5,6.33,5,1,1,1,1,0,0,0,1,1,1,1,1,1,1,1,1,1,0,1,1,0,1,1,1,1,1,1,1,1,1,1,1,1,1,1,1,1,1,1,1,0,1,1,1,0,1,1,0,1,1,1,1,1,1,0,1,6,6,1,2,6,5,4,7,4,5,1,5,5,6,2,7,5,5,7,6,4,7,3,6,7,185.57142857142858,2,0,5,0,5.714285714285714,4,140.66666666666666,1,2,0,1,0,0,22,8,2,60,2,117,41
038p2t2,Summer Camp,1,1,After,T2,14,Male,White,3 to 4 times a week,NA,NA,NA,NA,NA,NA,NA,NA,NA,NA,NA,NA,NA,NA,7,6,4.75,4.33,6.5,1,1,1,0,1,1,1,1,1,1,1,1,0,1,1,1,0,0,1,1,1,0,1,1,1,1,0,1,NA,NA,NA,NA,NA,NA,NA,NA,NA,NA,NA,NA,NA,NA,NA,NA,NA,NA,NA,NA,NA,NA,NA,NA,NA,NA,NA,NA,7,7,1,1,7,6,5,7,2,3,1,4,3,2,1,4,7,6,7,7,6,7,5,7,60,480.71666666666664,14,11,35,32,6.5,37,25.933333333333334,10,12,4,4,4,3,247,16,104,116,72,901,608
042p2t2,Summer Camp,1,1,After,T2,15,Male,Mixed,Everyday,Yes,B,16.03,12,10,22,A,21.38,11,8,19,-3,-1,-2,7,7,6.25,7,7,1,1,0,1,1,1,1,0,1,1,1,1,1,1,1,1,0,0,1,1,1,0,1,1,1,1,0,1,1,1,1,1,1,1,1,1,1,1,0,1,0,0,1,1,0,0,1,0,0,1,1,0,1,0,1,1,7,7,1,1,7,7,7,7,1,7,1,4,1,7,1,7,7,7,7,7,7,7,7,7,61,4707.754098360656,15,4,42,33,5.573770491803279,31,55.07692307692308,12,10,3,3,1,2,271,111,26,42,25,1124,210
043p2t1,Summer Camp,1,1,After,T1,15,Female,Black or African American,Everyday,Yes,B,29.48,10,7,17,A,28.53,7,12,19,2,-3,5,4.6,5,6.25,2.67,6,0,1,1,1,1,0,1,0,1,0,1,1,1,1,0,1,0,0,1,0,1,0,1,1,1,1,0,0,1,0,0,0,0,0,1,1,1,1,0,0,1,1,1,1,0,0,1,1,1,1,1,1,1,1,1,1,4,5,3,2,3,4,3,7,2,6,1,6,2,2,5,3,5,7,5,6,6,7,6,3,49,186.57142857142858,8,4,37,21,4.081632653061225,49,56.30434782608695,5,11,5,3,13,12,190,20,61,69,39,608,377
044p2t2,Summer Camp,1,1,After,T2,14,Male,Hispanic,Everyday,Yes,B,30.4,11,8,19,A,26.32,12,10,22,3,1,2,6.4,5.5,7,2.67,5.5,0,1,1,1,1,0,1,1,1,1,1,1,1,0,1,1,0,0,1,0,0,0,1,1,1,1,0,1,1,1,1,1,1,0,1,1,1,1,0,1,1,1,1,1,1,1,1,0,1,1,0,0,1,0,1,1,7,6,1,1,5,6,5,5,2,7,1,7,1,1,4,3,4,7,7,7,6,7,7,4,21,391.4761904761905,6,2,13,7,6.666666666666667,26,62,2,3,1,1,8,11,235,16,60,30,44,592,257
045p2t1,Summer Camp,1,1,After,T1,16,Male,Asian,Everyday,Yes,A,29.85,7,3,10,B,18.67,11,7,18,8,4,4,3.2,3,3.5,6,4,0,1,0,1,0,1,0,1,1,1,1,0,0,0,0,1,0,0,1,0,0,0,0,0,1,0,0,0,1,1,1,0,0,1,1,0,1,1,1,1,1,1,1,1,0,0,0,0,1,1,0,1,1,0,0,1,3,2,6,4,5,3,1,5,5,3,4,3,4,7,4,7,5,3,2,4,3,4,4,4,30,289.53333333333336,4,6,20,8,4.666666666666667,23,94.35714285714286,4,7,1,2,5,4,84,74,35,31,24,509,135
046p2t2,Summer Camp,1,1,After,T2,15,Male,Black or African American,Everyday,Yes,A,11.75,4,4,8,B,15.83,8,2,10,2,4,-2,4.8,3.25,5,2,2.5,1,0,0,0,0,1,0,0,0,0,0,1,0,1,0,1,0,0,0,0,0,1,1,0,0,1,0,0,1,1,0,0,0,1,1,1,1,0,0,1,1,0,0,1,0,0,0,0,0,0,0,0,0,1,0,0,5,5,5,3,6,5,1,4,5,5,3,3,1,4,7,1,2,3,3,5,3,5,7,1,14,587.2142857142857,3,0,11,3,4.285714285714286,17,292.4,1,3,1,1,10,1,85,11,12,120,4,297,226
054p2t2,Summer Camp,1,1,After,T2,14,Male,Asian,3 to 4 times a week,Yes,B,21.92,10,5,15,A,9.13,12,11,23,8,2,6,6.2,6,6.5,4,7,1,1,1,1,0,1,0,1,1,0,0,1,1,1,1,1,0,1,0,0,0,0,0,1,0,0,0,1,1,1,1,1,1,0,1,1,1,1,0,1,1,1,1,1,0,1,1,0,1,1,1,1,1,0,1,1,6,6,2,1,6,5,5,7,1,6,1,6,1,3,5,6,7,7,6,7,7,7,7,3,19,394.7894736842105,3,6,10,1,6.315789473684211,11,130.125,2,4,1,2,1,1,198,9,63,92,30,466,337
055p2t1,Summer Camp,1,1,After,T1,16,Female,White,3 to 4 times a week,Yes,B,22.25,9,5,14,A,19.55,6,6,12,-2,-3,1,7,6.5,7,5,7,1,1,1,0,1,0,1,0,1,0,1,1,1,0,1,1,0,0,1,0,0,0,0,1,0,1,0,0,1,1,0,0,1,0,0,1,1,0,0,1,0,0,1,1,1,0,1,0,0,1,1,0,0,0,0,0,7,7,1,1,7,6,6,7,1,7,1,7,1,6,2,3,7,7,7,7,7,7,7,6,27,318.14814814814815,3,0,24,9,2.2222222222222223,38,109.33333333333333,3,6,6,2,17,4,127,10,5,120,5,417,400
067p3t0,Summer Camp,1,1,Control,Control,16,Female,White,Once a month or less,Yes,A,11.02,11,11,22,B,9.33,12,10,22,0,1,-1,5.2,2.25,5.75,1,2,1,1,1,1,1,0,1,1,1,1,0,1,1,0,1,1,1,0,1,1,1,1,0,1,1,0,1,1,1,1,1,1,0,1,1,1,1,1,0,1,1,1,1,1,0,0,1,0,1,1,1,1,1,1,0,1,6,5,4,2,5,1,3,3,6,6,2,5,2,1,7,1,2,2,4,6,2,6,6,1,17,471.47058823529414,3,5,9,2,6.470588235294118,10,NA,0,0,0,0,10,0,132,18,13,45,5,287,255
069p3t0,Summer Camp,1,1,Control,Control,15,Female,Asian,Never,Yes,B,40.62,13,6,19,A,12.88,11,10,21,2,-2,4,4.8,4.75,5,4,5,1,1,1,1,1,1,1,1,1,1,1,0,1,1,1,1,0,0,1,0,1,0,0,1,0,1,0,0,1,1,0,1,1,0,1,1,1,1,0,1,1,1,0,1,1,0,1,1,1,1,1,1,1,0,1,0,4,5,3,3,5,4,5,5,3,5,3,5,3,3,4,5,5,5,5,5,5,5,5,4,47,362.74468085106383,14,9,24,19,7.872340425531915,14,NA,0,0,0,0,7,7,181,29,75,95,31,560,357
070p3t0,Summer Camp,1,1,Control,Control,13,Female,White,Never,Yes,B,24.82,9,6,15,A,22.6,6,1,7,-8,-3,-5,4,1.25,6.75,2,4.5,0,1,0,1,0,1,1,0,1,1,1,1,0,1,1,1,0,1,0,0,0,0,0,1,1,0,0,1,1,1,1,1,1,0,0,0,1,0,0,0,0,0,0,0,0,0,0,0,1,0,0,0,0,0,0,0,5,4,4,4,3,1,1,2,7,7,1,7,2,1,7,4,4,5,4,4,1,7,6,1,28,140.60714285714286,3,2,23,15,2.857142857142857,0,NA,0,0,0,0,0,0,32,15,0,41,0,206,141
074p3t0,Summer Camp,1,1,Control,Control,13,Male,Other,Everyday,NA,B,14.42,9,6,15,A,18.08,10,13,23,8,1,7,2.2,4.75,4,2,3,1,1,1,1,0,0,0,1,0,1,1,1,1,0,0,1,0,0,0,0,1,0,1,1,0,1,0,1,1,1,1,0,0,0,1,1,1,1,0,1,1,1,1,1,1,1,1,0,1,1,1,1,1,1,1,1,2,1,4,5,1,6,6,3,4,6,6,5,5,1,5,2,2,4,4,3,4,2,3,3,48,237.5,17,11,20,20,9.375,21,NA,0,0,0,0,20,1,165,32,32,41,22,609,212
076p3t0,Summer Camp,1,1,Control,Control,14,Male,Hispanic,Everyday,NA,B,25.75,8,6,14,A,20.02,13,9,22,8,5,3,7,5.25,6.5,3.33,6.5,0,1,0,1,1,1,0,0,0,1,1,1,0,1,0,0,0,1,1,0,1,0,0,0,1,1,0,1,1,1,1,1,1,1,1,1,1,1,0,1,1,1,0,1,1,0,1,0,1,0,1,0,1,1,1,1,7,7,1,1,7,5,5,6,3,6,1,6,1,2,4,4,7,6,7,7,5,7,7,4,48,340.4166666666667,16,6,26,21,7.916666666666667,53,NA,0,0,0,0,40,13,142,15,18,135,11,475,588
077p3t0,Summer Camp,1,1,Control,Control,13,Female,Asian,Once a week,Yes,B,41.52,9,4,13,A,37.77,9,7,16,3,0,3,6.2,4,7,1.33,5.5,1,0,1,0,1,1,0,0,1,1,1,0,1,1,0,1,0,0,1,1,0,0,0,0,1,0,0,0,0,1,0,1,1,1,1,1,1,0,0,1,0,1,0,1,0,0,1,0,1,1,1,0,0,0,1,1,5,7,2,2,7,4,4,4,4,7,1,7,1,1,6,1,5,6,6,6,4,7,7,2,32,227.21875,6,14,12,4,8.125,23,NA,0,0,0,0,21,2,159,90,8,57,16,934,278
078p3t0,Summer Camp,1,1,Control,Control,14,Female,Hispanic,3 to 4 times a week,Yes,A,25.77,4,6,10,B,23.37,9,6,15,5,5,0,6.8,4,5.5,4.33,6.5,0,0,0,0,0,1,0,0,0,1,1,1,0,0,0,1,0,0,1,1,0,1,0,1,0,1,0,0,0,1,1,1,0,1,1,0,0,1,1,1,1,0,1,0,0,0,1,0,1,1,0,1,0,0,0,1,7,7,1,2,7,6,4,3,5,4,2,5,1,2,1,4,6,7,7,6,3,6,7,7,21,489.3333333333333,4,7,10,7,7.142857142857143,32,NA,0,0,0,0,19,13,152,23,37,62,14,567,516
082p3t0,Summer Camp,1,1,Control,Control,14,Female,Asian,Once a month or less,Yes,B,18.93,11,7,18,A,18.33,9,11,20,2,-2,4,6.8,5.5,6.5,3.33,5,0,1,1,1,1,1,1,1,1,1,1,0,1,0,1,1,0,0,1,1,1,0,1,0,0,1,0,0,1,1,1,1,1,0,1,1,1,1,0,0,0,0,1,1,1,0,1,0,1,1,1,0,1,1,1,1,6,7,1,1,7,6,3,7,2,7,2,6,1,3,5,4,5,5,7,7,6,6,7,3,49,220.24489795918367,16,15,18,29,9.591836734693878,53,NA,0,0,0,0,38,15,188,6,37,124,26,748,571
085p3t0,Summer Camp,1,1,Control,Control,16,Male,White,Everyday,NA,B,22.02,11,6,17,A,22.3,11,11,22,5,0,5,4.2,4.25,6,3,3.5,0,1,1,1,1,1,1,0,1,1,1,0,1,1,0,1,0,0,1,0,1,0,0,1,0,1,0,1,1,0,1,1,1,0,1,1,1,1,0,1,1,1,1,1,1,0,1,1,1,1,0,1,1,0,1,1,4,5,5,3,4,3,4,4,2,6,1,5,2,2,4,3,3,4,3,5,6,7,6,4,44,329.0681818181818,19,10,15,16,10.909090909090908,44,NA,0,0,0,0,34,10,259,33,86,155,59,803,664
088p3t0,Summer Camp,1,1,Control,Control,14,Female,Asian,Once a week,Yes,B,22.93,11,9,20,A,18.82,11,9,20,0,0,0,6.2,4.5,5,3.33,4,1,1,1,0,1,1,1,1,1,0,1,1,0,1,1,1,0,0,1,1,1,0,0,1,1,1,0,1,1,1,1,1,1,0,1,1,1,1,0,1,1,0,1,0,1,0,1,0,0,1,0,1,1,1,1,1,5,6,1,1,6,5,3,5,3,5,3,5,3,2,4,4,4,4,7,7,5,5,5,4,16,703.25,5,7,4,3,10.625,22,NA,0,0,0,0,18,4,248,13,65,117,10,879,773
151p3t0,Summer Camp,1,1,Control,Control,13,Female,Mixed,Once a month or less,NA,A,19.33,5,6,11,B,18.33,11,9,20,9,6,3,6,4.5,6.5,3.67,5.5,1,0,0,1,0,0,0,1,0,0,1,1,0,0,0,0,1,0,1,1,1,0,0,0,0,1,1,0,1,1,1,0,0,1,1,0,1,1,1,1,1,1,1,1,0,1,1,0,1,1,0,0,1,1,0,1,6,6,2,2,6,5,4,3,2,6,1,6,1,2,6,7,5,6,6,6,6,7,7,2,74,401.93243243243245,12,4,58,46,3.7837837837837838,68,NA,0,0,0,0,54,14,277,9,77,71,48,755,739
124p2t2,After School,1,1,After,T2,14,Female,Mixed,Once a month or less,Yes,A,23.58,8,11,19,B,22.55,11,7,18,-1,3,-4,6.6,4.25,4.75,3.67,7,0,1,0,1,1,1,1,0,1,1,0,1,0,0,1,1,1,0,1,0,1,1,1,1,0,1,1,1,1,1,1,1,1,0,0,1,1,0,1,1,1,1,1,1,0,0,1,0,0,1,0,1,0,1,0,1,6,7,1,1,6,4,3,5,3,3,2,5,3,3,4,4,7,7,7,7,5,6,5,4,9,686.6666666666666,1,0,8,5,2.2222222222222223,4,55,0,0,1,0,2,1,22,1,0,10,0,176,163
093p1t1,After School,1,1,Before,T1,13,Female,Asian,3 to 4 times a week,NA,A,20.72,11,8,19,B,12.12,13,8,21,2,2,0,5.6,3.5,6,3.33,5,0,1,0,1,1,0,1,1,1,1,1,1,1,1,0,1,1,0,1,0,1,1,0,1,0,0,1,1,1,1,1,1,1,1,1,1,1,0,1,1,1,1,1,1,0,0,1,1,0,1,0,1,0,1,0,1,5,6,2,2,5,4,2,5,5,6,2,6,2,2,4,4,5,5,6,6,3,6,6,4,19,497.89473684210526,7,1,11,12,7.894736842105263,24,134.54545454545453,3,6,0,3,9,3,51,11,6,112,5,308,144
156p3t0,After School,1,1,Control,Control,16,Male,Other,Once a week,Yes,B,22.48,9,9,18,A,18.88,11,10,21,3,2,1,7,4.25,6.75,6,7,0,1,1,1,1,1,1,1,1,0,0,1,0,0,1,1,0,0,1,1,1,0,0,1,1,1,0,1,1,1,1,1,1,1,1,1,1,0,0,1,0,1,1,0,1,0,1,0,1,1,1,1,1,0,1,1,7,7,1,1,7,4,1,5,1,7,1,7,2,5,1,6,7,7,7,7,7,7,6,7,26,222.07692307692307,10,3,13,5,8.846153846153847,5,NA,0,0,0,0,4,1,162,33,7,122,5,662,302
118p1t2,After School,1,1,Before,T2,13,Male,Asian,3 to 4 times a week,Yes,B,16.33,12,10,22,A,13.33,13,12,25,3,1,2,6.4,5.25,5.5,4,6,1,1,1,1,1,1,1,1,1,0,0,1,1,1,1,1,0,1,1,0,1,0,1,1,1,1,0,1,1,1,1,1,1,1,1,1,1,1,0,1,1,1,1,0,1,1,1,1,1,1,1,1,1,0,1,1,6,7,1,2,6,5,5,5,2,5,2,6,3,3,4,5,6,6,7,6,6,6,5,4,34,255.76470588235293,6,23,5,6,10.294117647058824,17,30.294117647058822,7,6,2,2,0,0,196,43,80,44,39,664,304
159p3t0,After School,1,1,Control,Control,13,Female,Asian,3 to 4 times a week,Yes,A,10.78,9,8,17,B,11.88,11,7,18,1,2,-1,6.8,5.25,6.5,5.33,7,0,1,0,1,1,0,1,1,1,0,0,1,1,1,0,0,1,0,1,0,1,1,1,1,1,1,0,0,0,1,0,1,1,1,1,0,1,1,1,1,1,1,1,1,0,0,1,0,1,1,0,0,1,1,0,0,7,7,1,2,7,5,5,5,2,6,2,7,1,5,1,4,7,7,7,6,6,6,7,7,33,336.969696969697,14,2,17,14,9.090909090909092,25,NA,0,0,0,0,18,7,63,8,23,138,17,233,207
126p2t2,After School,1,1,After,T2,13,Female,Mixed,Once a month or less,Yes,A,23.82,8,8,16,B,20.17,12,8,20,4,4,0,5.2,5.5,6.25,4,6,0,0,1,1,0,0,0,1,0,1,1,1,1,1,0,1,0,0,1,0,1,1,0,1,1,0,1,1,1,1,1,1,1,0,1,0,1,1,1,1,1,1,0,1,0,0,1,1,1,1,0,1,1,0,0,1,5,5,2,2,4,6,5,6,3,7,2,6,2,3,3,4,5,7,6,6,5,6,6,5,30,338.96666666666664,4,6,20,14,4.666666666666667,19,46,3,7,3,2,3,1,138,15,24,58,12,325,345
146p2t2,After School,1,1,After,T2,14,Male,Asian,Everyday,Yes,B,19.48,10,11,21,B,10.58,14,11,25,4,4,0,6.6,7,4.25,7,5,1,1,1,1,1,1,0,1,1,0,1,0,1,0,1,1,0,1,1,1,1,0,1,1,1,1,0,1,1,1,1,1,1,1,1,1,1,1,1,1,1,1,1,1,0,0,1,1,1,1,1,1,1,1,0,1,6,6,1,1,7,7,7,7,1,4,4,6,5,7,1,7,5,5,7,7,7,4,3,7,36,176.69444444444446,3,5,28,8,3.0555555555555554,53,62.625,5,7,2,2,31,6,109,41,19,97,20,476,204
125p2t1,After School,1,1,After,T1,15,Female,Mixed,Once a week,Yes,B,14.23,12,8,20,B,16.05,14,10,24,4,2,2,7,3,7,3.67,7,1,1,1,1,1,1,0,1,1,1,1,1,0,1,1,1,0,0,1,0,1,0,0,1,1,1,0,1,1,1,1,1,1,1,1,1,1,1,1,1,1,1,1,1,0,0,1,0,1,1,1,1,1,1,0,1,7,7,1,1,7,3,1,4,4,7,1,7,1,4,5,4,7,7,7,7,4,7,7,3,20,319.9,5,2,13,7,6,26,48,3,6,1,1,11,4,106,27,52,60,22,408,245
083p3t0,Summer Camp,1,1,Control,Control,15,Male,White,Everyday,Yes,A,19.65,11,9,20,B,11.23,12,8,20,0,1,-1,4,4.75,6.25,1,2.5,1,0,1,1,0,1,1,1,1,1,0,1,1,1,0,0,0,0,1,1,1,1,1,1,1,0,1,1,0,1,1,1,1,1,1,1,1,1,0,1,1,1,1,1,0,1,1,0,0,1,0,1,1,0,0,1,3,3,5,3,6,3,5,7,4,5,2,7,1,1,7,1,1,4,3,5,4,6,7,1,34,264.97058823529414,3,18,13,6,7.0588235294117645,20,NA,0,0,0,0,16,4,231,85,93,96,24,1095,515
011p1t1,Summer Camp,1,1,Before,T1,14,Male,White,Everyday,Yes,B,5.88,1,3,4,A,21.2,5,9,14,10,4,6,6.8,4,7,4,7,0,0,1,0,0,0,0,0,0,0,0,0,0,0,1,1,0,0,0,1,0,0,0,0,0,0,0,0,0,0,1,0,0,0,0,1,0,1,0,1,1,0,1,0,0,1,1,1,0,0,1,1,1,1,0,1,6,7,1,1,7,3,4,4,3,7,1,7,1,2,4,6,7,7,7,7,5,7,7,4,29,287.55172413793105,5,3,21,11,4.482758620689655,23,82.125,2,13,0,1,3,4,40,17,0,59,0,380,167
091p1t1,Summer Camp,1,1,Before,T1,15,Female,Asian,Once a month or less,Yes,A,27.08,6,9,15,B,22.85,8,8,16,1,2,-1,5.8,4.75,5.5,6,5,0,1,0,1,1,0,1,0,0,0,1,1,0,0,1,1,0,0,1,1,1,1,0,1,1,0,0,1,0,1,0,1,1,0,1,1,0,1,0,1,0,1,1,0,0,0,1,0,1,1,0,1,1,1,0,1,6,4,2,2,7,5,4,4,2,6,2,5,3,6,1,5,5,5,6,6,6,6,5,7,19,382.2631578947368,4,1,14,4,4.7368421052631575,25,79.66666666666667,3,4,1,1,9,7,132,12,1,84,3,447,356
155p3t0,Summer Camp,1,1,Control,Control,NA,NA,NA,NA,NA,NA,NA,NA,NA,NA,A,20.65,12,12,24,NA,NA,NA,NA,3.25,5.5,6.67,3.5,NA,NA,NA,NA,NA,NA,NA,NA,NA,NA,NA,NA,NA,NA,NA,NA,NA,NA,NA,NA,NA,NA,NA,NA,NA,NA,NA,NA,1,1,1,1,1,0,1,1,1,1,0,1,1,1,1,1,1,0,1,0,1,1,1,1,1,1,1,1,4,NA,2,2,6,4,1,3,3,7,3,5,3,7,2,7,3,4,6,6,5,5,5,6,NA,NA,NA,NA,NA,NA,NA,NA,NA,NA,NA,NA,NA,NA,NA,NA,NA,NA,NA,NA,NA,NA
095p1t1,After School,1,1,Before,T1,16,Female,Black or African American,Never,Yes,A,22.63,6,6,12,B,23.53,6,5,11,-1,0,-1,4.8,2.25,5.75,1,4.5,0,1,0,0,1,0,0,0,1,0,1,0,1,1,1,1,0,0,1,0,0,1,1,1,0,0,0,0,0,1,0,0,1,0,1,0,1,0,1,1,0,0,0,1,0,0,1,0,0,1,0,1,0,0,0,1,4,4,2,4,6,2,2,3,6,2,1,7,1,1,7,1,3,6,6,4,2,7,7,1,10,322.4,2,1,7,4,5,15,126.25,0,4,0,1,2,8,70,7,12,26,6,255,180
098p1t2,After School,1,1,Before,T2,13,Male,Black or African American,Everyday,Yes,A,21.48,6,9,15,B,23.72,12,5,17,2,6,-4,NA,3.25,4.25,2.67,3.5,1,1,1,0,1,0,0,0,0,1,0,1,0,0,1,1,1,1,1,0,0,1,0,1,0,1,0,1,0,1,1,1,1,1,1,1,1,0,1,1,1,1,0,1,0,0,1,0,1,1,0,1,0,0,0,0,5,4,4,4,NA,4,1,4,4,5,4,4,4,2,5,3,4,3,4,4,4,4,4,3,8,406.375,2,3,3,2,8.75,6,88,2,1,1,0,1,1,29,2,2,49,0,267,336
162p3t0,After School,1,1,Control,Control,16,Male,Asian,3 to 4 times a week,Yes,B,18.33,7,6,13,A,17.67,11,12,23,10,4,6,6.6,5.75,5.75,4.33,6,0,0,1,0,1,0,1,0,1,0,1,0,1,1,0,1,0,0,1,0,1,0,1,1,0,0,0,1,1,1,0,1,1,0,1,1,1,1,0,1,1,1,1,0,1,0,1,1,1,1,1,1,1,1,1,1,6,7,1,1,6,6,5,6,2,6,2,6,3,3,3,5,6,6,7,7,6,6,5,5,18,258.3333333333333,3,12,3,3,10,0,NA,0,0,0,0,0,0,100,2,32,89,9,349,200
133p2t1,After School,1,1,After,T1,15,Male,White,Everyday,NA,B,218.28,5,5,10,A,25.18,10,9,19,9,5,4,4.8,4,4.75,6,3.5,0,1,0,1,0,0,0,0,1,1,1,0,0,0,0,0,0,0,1,0,0,0,0,1,1,1,0,1,1,1,1,0,0,1,1,1,1,1,0,1,0,1,1,0,1,0,1,1,1,1,0,0,1,0,1,1,4,5,3,2,4,3,3,5,3,4,3,5,3,6,2,6,3,4,5,6,5,5,5,6,19,284.05263157894734,2,5,12,5,4.7368421052631575,8,57.285714285714285,2,4,1,1,0,0,168,31,39,28,13,530,251
a1007p1t1,DCSD,1,1,Before,T1,NA,NA,NA,NA,NA,A,16.68,11,8,19,NA,NA,NA,NA,NA,NA,NA,NA,NA,NA,NA,NA,NA,0,1,1,1,0,1,1,1,1,1,1,1,0,1,1,0,0,0,0,1,0,1,1,1,1,0,1,1,NA,NA,NA,NA,NA,NA,NA,NA,NA,NA,NA,NA,NA,NA,NA,NA,NA,NA,NA,NA,NA,NA,NA,NA,NA,NA,NA,NA,NA,NA,NA,NA,NA,NA,NA,NA,NA,NA,NA,NA,NA,NA,NA,NA,NA,NA,NA,NA,NA,NA,NA,NA,NA,NA,NA,NA,NA,NA,NA,NA,NA,NA,NA,NA,NA,NA,NA,NA,NA,NA,NA,NA,NA,NA
a1036p2t2,DCSD,1,1,After,T2,NA,NA,NA,NA,NA,A,16.78,9,7,16,NA,NA,NA,NA,NA,NA,NA,NA,NA,NA,NA,NA,NA,1,1,1,0,0,1,1,1,0,1,1,1,0,0,1,0,0,0,1,1,0,1,0,1,1,0,1,0,NA,NA,NA,NA,NA,NA,NA,NA,NA,NA,NA,NA,NA,NA,NA,NA,NA,NA,NA,NA,NA,NA,NA,NA,NA,NA,NA,NA,NA,NA,NA,NA,NA,NA,NA,NA,NA,NA,NA,NA,NA,NA,NA,NA,NA,NA,NA,NA,NA,NA,NA,NA,NA,NA,NA,NA,NA,NA,NA,NA,NA,NA,NA,NA,NA,NA,NA,NA,NA,NA,NA,NA,NA,NA
926 0076 0705,DCSD,1,1,NA,NA,NA,NA,NA,NA,NA,A,22.03,8,9,17,B,881.83,12,10,22,5,4,1,2,2.75,4.25,1,1.5,0,1,1,0,1,1,1,1,1,0,1,0,0,0,1,0,0,1,1,0,1,1,0,1,1,0,1,1,0,1,1,1,1,1,1,1,1,0,1,1,1,1,1,1,0,1,1,0,1,1,0,1,1,1,1,0,2,2,6,6,2,3,2,3,5,4,3,4,4,1,7,1,1,2,2,2,3,5,4,1,NA,NA,NA,NA,NA,NA,NA,NA,NA,NA,NA,NA,NA,NA,NA,NA,NA,NA,NA,NA,NA,NA
a1064p3t0,DCSD,0,1,Control,Control,NA,NA,NA,NA,NA,A,1.23,0,0,0,NA,NA,NA,NA,NA,NA,NA,NA,NA,NA,NA,NA,NA,NA,NA,NA,NA,NA,NA,NA,NA,NA,NA,NA,NA,NA,NA,NA,NA,NA,NA,NA,NA,NA,NA,NA,NA,NA,NA,NA,NA,NA,NA,NA,NA,NA,NA,NA,NA,NA,NA,NA,NA,NA,NA,NA,NA,NA,NA,NA,NA,NA,NA,NA,NA,NA,NA,NA,NA,NA,NA,NA,NA,NA,NA,NA,NA,NA,NA,NA,NA,NA,NA,NA,NA,NA,NA,NA,NA,NA,NA,NA,NA,NA,NA,NA,NA,NA,NA,NA,NA,NA,NA,NA,NA,NA,NA,NA,NA,NA,NA,NA,NA,NA,NA
a1019p1t1,DCSD,1,1,Before,T1,NA,NA,NA,NA,NA,A,17.8,11,9,20,B,17.23,12,10,22,2,1,1,6.4,5.5,6.25,5.33,6.5,1,1,1,1,1,0,1,1,1,1,1,1,0,0,1,0,0,0,1,1,1,1,0,1,1,0,1,1,0,1,1,1,1,1,1,1,1,1,0,1,1,1,1,1,1,0,1,1,1,1,0,1,1,0,1,0,6,7,1,1,5,5,6,5,2,6,1,6,2,7,3,4,6,7,7,7,6,7,6,5,32,645.5,13,12,7,6,11.875,27,64.70588235294117,3,7,3,4,10,0,197,42,40,58,37,640,281
a1062p3t0,DCSD,1,1,Control,Control,NA,NA,NA,NA,NA,A,27.57,12,9,21,NA,NA,NA,NA,NA,NA,NA,NA,NA,NA,NA,NA,NA,1,1,0,1,1,1,1,1,1,1,1,1,0,1,1,0,1,0,0,1,0,1,1,1,1,0,1,1,NA,NA,NA,NA,NA,NA,NA,NA,NA,NA,NA,NA,NA,NA,NA,NA,NA,NA,NA,NA,NA,NA,NA,NA,NA,NA,NA,NA,NA,NA,NA,NA,NA,NA,NA,NA,NA,NA,NA,NA,NA,NA,NA,NA,NA,NA,NA,NA,NA,NA,NA,NA,NA,NA,NA,NA,NA,NA,NA,NA,NA,NA,NA,NA,NA,NA,NA,NA,NA,NA,NA,NA,NA,NA
a1063p3t0,DCSD,1,1,Control,Control,NA,NA,NA,NA,NA,A,15.67,7,7,14,NA,NA,NA,NA,NA,NA,NA,NA,NA,NA,NA,NA,NA,0,1,0,1,0,0,0,1,1,1,1,1,0,0,0,0,0,0,1,0,1,1,0,1,1,0,1,1,NA,NA,NA,NA,NA,NA,NA,NA,NA,NA,NA,NA,NA,NA,NA,NA,NA,NA,NA,NA,NA,NA,NA,NA,NA,NA,NA,NA,NA,NA,NA,NA,NA,NA,NA,NA,NA,NA,NA,NA,NA,NA,NA,NA,NA,NA,NA,NA,NA,NA,NA,NA,NA,NA,NA,NA,NA,NA,NA,NA,NA,NA,NA,NA,NA,NA,NA,NA,NA,NA,NA,NA,NA,NA
a1031p2t1,DCSD,1,1,After,T1,NA,NA,NA,NA,NA,A,23.15,6,8,14,B,5.53,5,2,7,-7,-1,-6,3.4,3,3.75,3.33,2.5,0,1,0,1,0,1,0,0,1,0,0,0,1,1,1,0,0,0,1,1,0,0,1,1,0,1,1,1,0,1,0,0,0,1,0,1,0,0,1,1,0,0,0,0,0,1,0,0,0,0,0,1,0,0,0,0,3,2,1,4,1,3,2,3,4,2,2,3,4,2,3,3,3,2,7,4,4,6,4,5,7,491.42857142857144,2,1,4,0,7.142857142857143,23,54.333333333333336,0,2,0,1,9,11,29,1,3,43,2,105,68
a1004p1t2,DCSD,1,1,Before,T2,NA,NA,NA,NA,NA,A,20.32,10,7,17,NA,NA,NA,NA,NA,NA,NA,NA,NA,NA,NA,NA,NA,0,1,1,1,0,0,1,1,1,1,0,1,1,1,1,0,0,0,1,0,0,1,0,1,1,0,1,1,NA,NA,NA,NA,NA,NA,NA,NA,NA,NA,NA,NA,NA,NA,NA,NA,NA,NA,NA,NA,NA,NA,NA,NA,NA,NA,NA,NA,NA,NA,NA,NA,NA,NA,NA,NA,NA,NA,NA,NA,NA,NA,NA,NA,NA,NA,NA,NA,NA,NA,NA,NA,NA,NA,NA,NA,NA,NA,NA,NA,NA,NA,NA,NA,NA,NA,NA,NA,NA,NA,NA,NA,NA,NA
a1027p1t1,DCSD,1,1,Before,T1,NA,NA,NA,NA,NA,A,5.12,3,3,6,A,4.7,4,6,10,4,1,3,4,5,3.75,3,6.5,1,0,0,1,0,0,0,1,0,0,0,0,0,0,1,0,0,0,0,0,1,0,0,0,1,0,0,0,0,0,0,0,0,0,0,0,1,1,0,1,0,1,1,1,1,0,0,1,0,0,0,0,1,0,0,1,3,5,4,4,4,6,3,4,1,3,3,3,4,1,5,5,6,7,4,4,7,5,4,3,4,3058.25,0,1,3,0,2.5,4,64.66666666666667,0,2,1,0,1,0,10,11,0,22,0,41,1
a1056p2t2,DCSD,1,1,After,T2,NA,NA,NA,NA,NA,A,227.22,11,12,23,A,17.68,11,11,22,-1,0,-1,5.6,3.75,6.25,3.33,5,1,1,0,0,1,1,1,1,1,1,1,1,1,0,1,1,0,0,1,1,1,1,1,1,1,1,1,1,0,1,1,1,1,1,1,1,0,1,0,1,1,1,1,1,0,0,1,1,1,1,0,1,1,1,1,1,5,6,3,2,6,4,3,4,4,6,2,7,2,3,3,2,6,4,5,6,4,6,6,5,16,452.1875,2,5,9,1,5.625,9,68.42857142857143,2,2,1,2,2,0,127,108,2,29,1,885,99
a1032p2t2,DCSD,1,1,After,T2,NA,NA,NA,NA,NA,A,97.88,8,10,18,A,18.9,8,11,19,1,0,1,4,2.75,5.5,1,3,0,0,1,1,1,0,0,1,1,1,0,1,1,0,0,1,0,0,1,0,1,1,1,1,1,1,1,1,0,1,0,1,0,0,1,0,1,1,0,1,1,1,0,1,1,0,1,0,1,1,1,1,1,1,1,1,2,3,3,4,6,7,2,1,7,1,1,7,1,1,7,1,1,5,5,4,1,7,7,1,17,358.8235294117647,5,1,11,0,6.470588235294118,35,53.142857142857146,2,2,2,1,18,10,73,13,2,34,3,357,366
a1001p1t1,DCSD,1,1,Before,T1,NA,NA,NA,NA,NA,A,2005.37,10,13,23,A,11.4,12,13,25,2,2,0,5.8,4.5,5,2,4,1,1,1,0,1,0,1,1,1,1,0,0,1,1,1,0,1,1,1,1,1,1,1,1,1,1,1,1,1,1,1,1,1,0,1,1,1,1,0,1,1,1,1,1,1,1,1,1,1,1,1,0,1,1,1,1,6,6,2,2,5,4,5,4,3,5,3,5,3,1,7,4,4,4,6,6,5,5,5,1,37,383.2162162162162,16,16,5,9,12.972972972972974,39,54.68421052631579,5,8,2,4,17,3,233,26,57,186,43,575,242
a1018p1t2,DCSD,1,1,Before,T2,NA,NA,NA,NA,NA,A,1344.25,11,9,20,NA,NA,NA,NA,NA,NA,NA,NA,NA,NA,NA,NA,NA,0,1,1,1,1,0,1,1,1,0,1,1,1,1,1,1,1,0,1,0,1,1,0,0,1,0,1,1,NA,NA,NA,NA,NA,NA,NA,NA,NA,NA,NA,NA,NA,NA,NA,NA,NA,NA,NA,NA,NA,NA,NA,NA,NA,NA,NA,NA,NA,NA,NA,NA,NA,NA,NA,NA,NA,NA,NA,NA,NA,NA,NA,NA,NA,NA,NA,NA,NA,NA,NA,NA,16,815.5,6,3,7,7,9.375,12,75.11111111111111,2,4,3,0,2,1,110,16,20,40,19,353,180
a1025p1t1,DCSD,1,1,Before,T1,NA,NA,NA,NA,NA,A,1134.25,7,4,11,NA,NA,NA,NA,NA,NA,NA,NA,NA,NA,NA,NA,NA,0,1,0,0,1,1,1,0,0,1,1,1,0,0,0,0,0,0,1,1,1,0,0,0,0,0,1,0,NA,NA,NA,NA,NA,NA,NA,NA,NA,NA,NA,NA,NA,NA,NA,NA,NA,NA,NA,NA,NA,NA,NA,NA,NA,NA,NA,NA,NA,NA,NA,NA,NA,NA,NA,NA,NA,NA,NA,NA,NA,NA,NA,NA,NA,NA,NA,NA,NA,NA,NA,NA,NA,NA,NA,NA,NA,NA,NA,NA,NA,NA,NA,NA,NA,NA,NA,NA,NA,NA,NA,NA,NA,NA
a1008p1t2,DCSD,1,1,Before,T2,NA,NA,NA,NA,NA,A,41.32,12,9,21,NA,NA,NA,NA,NA,NA,NA,NA,NA,NA,NA,NA,NA,1,1,0,1,1,0,1,1,1,1,1,1,1,1,1,1,1,0,1,1,1,1,0,1,0,0,1,0,NA,NA,NA,NA,NA,NA,NA,NA,NA,NA,NA,NA,NA,NA,NA,NA,NA,NA,NA,NA,NA,NA,NA,NA,NA,NA,NA,NA,NA,NA,NA,NA,NA,NA,NA,NA,NA,NA,NA,NA,NA,NA,NA,NA,NA,NA,NA,NA,NA,NA,NA,NA,23,1150.391304347826,8,0,15,10,6.956521739130435,21,185.07692307692307,4,4,3,2,5,3,27,8,2,20,3,159,30
a1045p2t1,DCSD,1,1,After,T1,NA,NA,NA,NA,NA,A,154.82,9,8,17,A,13.12,11,8,19,2,2,0,5,4.25,5.25,1.67,3,0,1,0,0,0,1,1,1,1,1,0,1,1,1,1,0,0,0,0,0,1,1,1,1,0,1,1,1,0,1,1,1,0,1,1,1,1,1,0,1,1,1,1,0,0,0,0,0,1,1,1,1,0,1,1,1,4,5,2,2,4,4,4,5,4,5,2,5,3,1,6,2,4,2,6,6,4,6,5,2,18,365.27777777777777,2,5,11,0,5,24,52.875,1,5,1,1,15,1,159,5,26,175,12,573,418
a1040p2t2,DCSD,1,1,After,T2,NA,NA,NA,NA,NA,A,140.32,12,9,21,A,11.02,11,10,21,0,-1,1,6.4,4,5.25,3,7,1,1,1,1,1,0,1,1,1,1,0,1,1,1,1,0,1,0,1,0,1,1,0,1,1,0,1,1,0,1,1,1,1,0,1,1,1,1,0,1,1,1,1,0,1,0,1,1,1,1,0,1,1,0,1,1,5,7,2,1,7,4,4,6,6,5,2,4,2,2,7,6,7,7,6,7,2,6,6,1,20,340.95,5,3,12,0,6.5,32,49.7,3,4,2,1,18,4,108,14,21,55,18,301,227
a1010p1t2,DCSD,1,1,Before,T2,NA,NA,NA,NA,NA,A,86.68,12,12,24,NA,NA,NA,NA,NA,NA,NA,NA,NA,NA,NA,NA,NA,0,1,1,1,1,1,1,1,1,1,0,1,1,1,1,1,1,0,1,1,1,1,1,1,1,1,1,0,NA,NA,NA,NA,NA,NA,NA,NA,NA,NA,NA,NA,NA,NA,NA,NA,NA,NA,NA,NA,NA,NA,NA,NA,NA,NA,NA,NA,NA,NA,NA,NA,NA,NA,NA,NA,NA,NA,NA,NA,NA,NA,NA,NA,NA,NA,NA,NA,NA,NA,NA,NA,21,574.0952380952381,9,4,8,7,10.476190476190476,25,47.916666666666664,6,3,1,2,9,4,66,6,30,101,22,317,126
a1051p2t1,DCSD,1,1,After,T1,NA,NA,NA,NA,NA,A,14.5,12,12,24,B,11.32,13,10,23,-1,1,-2,6.4,4,6.25,6,5,1,1,1,1,0,1,1,1,1,1,1,1,1,0,1,1,1,0,1,1,1,1,0,1,1,1,1,1,1,1,1,1,1,1,1,1,0,1,1,1,1,1,1,1,0,0,1,1,1,1,1,1,1,1,0,0,6,7,1,1,5,2,4,5,3,6,2,6,1,6,3,7,6,4,7,7,5,6,7,5,35,379.77142857142854,5,10,20,7,5.714285714285714,21,45.27777777777778,5,8,2,3,2,1,272,5,25,46,20,573,473
b1043p2t1,DCSD,1,1,After,T1,NA,NA,NA,NA,NA,B,88.3,8,8,16,NA,NA,NA,NA,NA,NA,NA,NA,NA,NA,NA,NA,NA,0,1,1,1,0,1,1,1,0,1,0,0,1,0,0,1,0,0,0,1,1,0,1,1,1,1,0,1,NA,NA,NA,NA,NA,NA,NA,NA,NA,NA,NA,NA,NA,NA,NA,NA,NA,NA,NA,NA,NA,NA,NA,NA,NA,NA,NA,NA,NA,NA,NA,NA,NA,NA,NA,NA,NA,NA,NA,NA,NA,NA,NA,NA,NA,NA,NA,NA,NA,NA,NA,NA,17,832.3529411764706,2,2,13,3,3.5294117647058822,21,808.5555555555555,3,4,0,2,10,2,49,5,12,58,6,153,117
b1057p2t1,DCSD,1,1,After,T1,NA,NA,NA,NA,NA,B,101.85,12,9,21,A,9.62,11,9,20,-1,-1,0,4.6,2.75,5,2.67,4,1,1,1,0,1,1,1,1,1,1,1,1,0,1,1,1,0,0,1,1,1,0,0,1,1,1,0,1,1,1,1,1,1,0,1,1,1,1,0,0,1,1,0,1,0,0,1,0,0,1,1,1,1,1,1,1,4,5,3,3,4,2,3,4,6,4,2,5,3,1,6,5,4,4,5,5,2,6,5,2,14,175.64285714285714,2,2,10,1,4.285714285714286,15,60.666666666666664,0,2,0,1,12,0,74,11,13,49,12,212,127
b1046p2t2,DCSD,1,1,After,T2,NA,NA,NA,NA,NA,B,80.75,12,10,22,NA,NA,NA,NA,NA,NA,NA,NA,NA,NA,NA,NA,NA,1,1,1,0,0,1,1,1,1,1,1,1,1,1,1,1,0,1,1,1,1,0,1,1,1,0,0,1,NA,NA,NA,NA,NA,NA,NA,NA,NA,NA,NA,NA,NA,NA,NA,NA,NA,NA,NA,NA,NA,NA,NA,NA,NA,NA,NA,NA,NA,NA,NA,NA,NA,NA,NA,NA,NA,NA,NA,NA,NA,NA,NA,NA,NA,NA,NA,NA,NA,NA,NA,NA,11,181.0909090909091,3,3,5,4,8.181818181818182,12,54.75,1,1,2,0,6,2,42,1,23,36,6,202,161
b1042p2t2,DCSD,1,1,After,T2,NA,NA,NA,NA,NA,B,4143.8,6,2,8,NA,NA,NA,NA,NA,NA,NA,NA,NA,NA,NA,NA,NA,1,1,0,1,0,0,0,0,1,0,0,1,1,0,0,1,0,0,0,0,0,0,0,0,0,0,0,1,NA,NA,NA,NA,NA,NA,NA,NA,NA,NA,NA,NA,NA,NA,NA,NA,NA,NA,NA,NA,NA,NA,NA,NA,NA,NA,NA,NA,NA,NA,NA,NA,NA,NA,NA,NA,NA,NA,NA,NA,NA,NA,NA,NA,NA,NA,NA,NA,NA,NA,NA,NA,NA,NA,NA,NA,NA,NA,NA,NA,NA,NA,NA,NA,NA,NA,NA,NA,NA,NA,NA,NA,NA,NA
b1086p3t0,DCSD,1,1,Control,Control,NA,NA,NA,NA,NA,B,21.28,13,10,23,NA,NA,NA,NA,NA,NA,NA,NA,NA,NA,NA,NA,NA,1,1,1,1,1,1,1,0,1,1,1,1,1,1,1,1,0,1,1,1,1,0,0,1,1,1,0,1,NA,NA,NA,NA,NA,NA,NA,NA,NA,NA,NA,NA,NA,NA,NA,NA,NA,NA,NA,NA,NA,NA,NA,NA,NA,NA,NA,NA,NA,NA,NA,NA,NA,NA,NA,NA,NA,NA,NA,NA,NA,NA,NA,NA,NA,NA,NA,NA,NA,NA,NA,NA,8,204.25,5,1,2,1,13.75,7,NA,0,0,0,0,4,3,13,2,4,60,4,98,83
b1044p2t2,DCSD,1,1,After,T2,NA,NA,NA,NA,NA,B,20.63,12,8,20,NA,NA,NA,NA,NA,NA,NA,NA,NA,NA,NA,NA,NA,0,1,1,1,1,1,1,0,1,1,1,1,1,1,1,1,0,0,1,0,1,0,0,1,1,1,0,1,NA,NA,NA,NA,NA,NA,NA,NA,NA,NA,NA,NA,NA,NA,NA,NA,NA,NA,NA,NA,NA,NA,NA,NA,NA,NA,NA,NA,NA,NA,NA,NA,NA,NA,NA,NA,NA,NA,NA,NA,NA,NA,NA,NA,NA,NA,NA,NA,NA,NA,NA,NA,15,287.2,5,2,8,1,8,19,62,2,3,1,1,11,1,60,4,11,38,2,164,136
b1002p1t2,DCSD,1,1,Before,T2,NA,NA,NA,NA,NA,NA,NA,NA,NA,NA,NA,NA,NA,NA,NA,NA,NA,NA,3.2,1.5,5.25,2,2,1,1,1,1,1,1,1,1,1,0,1,1,1,1,1,1,0,0,1,1,1,0,1,1,1,1,0,1,NA,NA,NA,NA,NA,NA,NA,NA,NA,NA,NA,NA,NA,NA,NA,NA,NA,NA,NA,NA,NA,NA,NA,NA,NA,NA,NA,NA,4,2,5,4,3,1,1,1,5,5,2,4,2,1,5,2,2,2,3,4,3,6,6,3,26,1456.6538461538462,4,5,17,8,5,21,88.75,1,2,1,0,15,2,112,13,31,189,25,399,159
b1069p3t0,DCSD,1,1,Control,Control,NA,NA,NA,NA,NA,B,12.55,14,10,24,B,15.6,14,11,25,1,0,1,3.4,5,3,3.67,3.5,1,1,1,1,1,1,1,1,1,1,1,1,1,1,1,1,0,0,1,1,1,0,1,1,1,1,0,1,1,1,1,1,1,1,1,1,1,1,1,1,1,1,1,1,0,0,1,1,1,1,1,1,1,1,0,1,3,3,5,3,3,5,4,6,3,3,4,2,5,3,5,5,2,5,3,5,5,4,3,3,38,847.0526315789474,16,11,11,11,11.31578947368421,4,NA,0,0,0,0,2,2,92,14,46,28,30,339,222
b1084p3t0,DCSD,1,1,Control,Control,NA,NA,NA,NA,NA,B,11.9,10,8,18,B,9.25,7,6,13,-5,-3,-2,1.6,4.5,4,1,2.5,0,1,1,1,1,0,1,0,1,1,1,1,0,1,1,1,0,0,1,1,1,0,0,1,0,1,0,1,0,1,0,1,1,0,1,1,1,0,1,0,0,0,0,1,0,0,1,0,1,1,0,1,0,0,0,1,1,1,7,7,4,4,3,4,1,4,4,4,4,1,7,1,1,4,1,1,7,4,4,1,23,574.6521739130435,5,6,12,6,6.956521739130435,18,NA,0,0,0,0,13,5,58,38,8,14,1,529,95
b1035p2t1,DCSD,1,1,After,T1,NA,NA,NA,NA,NA,B,17.85,11,7,18,NA,NA,NA,NA,NA,NA,NA,NA,NA,NA,NA,NA,NA,1,1,1,1,0,1,1,1,1,1,0,0,1,1,0,0,0,1,1,0,1,0,0,1,1,1,0,1,NA,NA,NA,NA,NA,NA,NA,NA,NA,NA,NA,NA,NA,NA,NA,NA,NA,NA,NA,NA,NA,NA,NA,NA,NA,NA,NA,NA,NA,NA,NA,NA,NA,NA,NA,NA,NA,NA,NA,NA,NA,NA,NA,NA,NA,NA,NA,NA,NA,NA,NA,NA,NA,NA,NA,NA,NA,NA,NA,NA,NA,NA,NA,NA,NA,NA,NA,NA,NA,NA,NA,NA,NA,NA
b1067p3t0,DCSD,1,1,Control,Control,NA,NA,NA,NA,NA,B,78.33,10,9,19,B,10.17,14,10,24,5,4,1,6.4,5.25,7,2.67,7,1,1,1,0,1,1,1,0,1,1,0,1,1,0,1,1,0,0,1,0,1,0,1,1,1,1,0,1,1,1,1,1,1,1,1,1,1,1,1,1,1,1,1,1,0,0,1,0,1,1,1,1,1,1,0,1,5,6,1,1,7,3,7,7,4,7,1,7,1,1,3,2,7,7,7,7,4,7,7,5,24,2672.4583333333335,9,12,3,2,12.5,30,NA,0,0,0,0,26,4,181,20,64,142,25,607,433
b1048p2t2,DCSD,1,1,After,T2,NA,NA,NA,NA,NA,B,20.63,7,8,15,NA,NA,NA,NA,NA,NA,NA,NA,NA,NA,NA,NA,NA,0,0,1,0,0,1,1,0,1,1,0,1,0,1,0,1,0,0,1,1,1,0,1,1,0,1,0,1,NA,NA,NA,NA,NA,NA,NA,NA,NA,NA,NA,NA,NA,NA,NA,NA,NA,NA,NA,NA,NA,NA,NA,NA,NA,NA,NA,NA,NA,NA,NA,NA,NA,NA,NA,NA,NA,NA,NA,NA,NA,NA,NA,NA,NA,NA,NA,NA,NA,NA,NA,NA,18,225.16666666666666,2,1,15,5,2.7777777777777777,29,56.111111111111114,4,4,1,1,16,3,47,8,7,60,4,219,107
b1017p1t1,DCSD,1,1,Before,T1,NA,NA,NA,NA,NA,B,20.4,12,8,20,NA,NA,NA,NA,NA,NA,NA,NA,NA,NA,NA,NA,NA,1,1,1,1,1,1,1,1,1,0,1,1,1,0,1,1,0,0,1,1,1,0,0,1,0,1,0,1,NA,NA,NA,NA,NA,NA,NA,NA,NA,NA,NA,NA,NA,NA,NA,NA,NA,NA,NA,NA,NA,NA,NA,NA,NA,NA,NA,NA,NA,NA,NA,NA,NA,NA,NA,NA,NA,NA,NA,NA,NA,NA,NA,NA,NA,NA,NA,NA,NA,NA,NA,NA,NA,NA,NA,NA,NA,NA,NA,NA,NA,NA,NA,NA,NA,NA,NA,NA,NA,NA,NA,NA,NA,NA
b1009p1t1,DCSD,1,1,Before,T1,NA,NA,NA,NA,NA,B,3.1,5,4,9,NA,NA,NA,NA,NA,NA,NA,NA,NA,NA,NA,NA,NA,1,0,0,0,1,0,1,1,1,0,0,0,0,0,0,1,0,1,0,0,0,0,0,0,1,0,0,1,NA,NA,NA,NA,NA,NA,NA,NA,NA,NA,NA,NA,NA,NA,NA,NA,NA,NA,NA,NA,NA,NA,NA,NA,NA,NA,NA,NA,NA,NA,NA,NA,NA,NA,NA,NA,NA,NA,NA,NA,NA,NA,NA,NA,NA,NA,NA,NA,NA,NA,NA,NA,NA,NA,NA,NA,NA,NA,NA,NA,NA,NA,NA,NA,NA,NA,NA,NA,NA,NA,NA,NA,NA,NA
b1012p1t2,DCSD,1,1,Before,T2,NA,NA,NA,NA,NA,B,35.17,6,3,9,NA,NA,NA,NA,NA,NA,NA,NA,NA,NA,NA,NA,NA,1,0,0,1,1,1,0,0,0,0,0,1,0,1,0,0,0,1,0,1,0,0,0,1,0,0,0,0,NA,NA,NA,NA,NA,NA,NA,NA,NA,NA,NA,NA,NA,NA,NA,NA,NA,NA,NA,NA,NA,NA,NA,NA,NA,NA,NA,NA,NA,NA,NA,NA,NA,NA,NA,NA,NA,NA,NA,NA,NA,NA,NA,NA,NA,NA,NA,NA,NA,NA,NA,NA,9,257.77777777777777,3,0,6,0,6.666666666666667,18,61.25,2,1,1,0,6,8,38,3,0,26,0,148,38
b1013p1t1,DCSD,1,1,Before,T1,NA,NA,NA,NA,NA,B,20.65,13,10,23,A,11.7,12,12,24,1,-1,2,6.8,6.25,6.75,4,6,1,1,1,1,1,1,1,1,1,0,1,1,1,1,1,1,0,0,1,1,1,0,1,1,1,1,0,1,1,1,1,1,1,0,1,1,1,1,0,1,1,1,0,1,1,0,1,1,1,1,1,1,1,1,1,1,7,7,1,1,6,6,6,6,1,6,1,7,1,3,3,4,7,5,7,7,7,7,7,5,34,885,17,6,11,9,11.764705882352942,19,74.61111111111111,3,5,6,4,0,1,234,15,31,125,12,519,531
b1037p2t1,DCSD,1,1,After,T1,NA,NA,NA,NA,NA,B,25.03,9,9,18,A,16,12,11,23,5,3,2,5.4,5.25,4,1.67,2.5,1,1,1,0,1,0,0,0,1,1,1,0,1,1,1,1,0,0,1,1,1,0,0,1,1,1,0,1,1,1,1,1,1,0,1,1,1,1,0,1,1,1,1,1,1,0,1,1,1,0,1,1,1,0,1,1,5,6,3,2,5,5,4,5,1,3,3,4,4,1,6,2,2,3,5,6,7,5,4,2,46,2251.086956521739,18,2,26,19,8.26086956521739,34,114.44,5,10,2,8,9,0,127,15,72,102,43,591,396
b1041p2t1,DCSD,1,1,After,T1,NA,NA,NA,NA,NA,B,81.97,10,8,18,A,13.28,10,10,20,2,0,2,5.4,2.5,6,4,4,1,1,1,1,0,1,1,1,1,0,0,1,1,0,0,1,0,1,1,0,1,0,0,1,1,1,0,1,0,1,0,1,1,0,1,1,1,1,0,1,1,1,1,1,0,1,1,0,0,1,1,1,1,0,1,1,7,6,5,3,6,1,1,2,2,6,2,6,2,2,5,7,4,4,3,5,6,6,6,3,9,1240.888888888889,1,2,6,1,4.444444444444445,22,60,0,2,0,1,9,10,821,4,26,67,7,552,289
b1074p3t0,DCSD,1,1,Control,Control,NA,NA,NA,NA,NA,NA,NA,NA,NA,NA,NA,NA,NA,NA,NA,NA,NA,NA,NA,NA,NA,NA,NA,NA,NA,NA,NA,NA,NA,NA,NA,NA,NA,NA,NA,NA,NA,NA,NA,NA,NA,NA,NA,NA,NA,NA,NA,NA,NA,NA,NA,NA,NA,NA,NA,NA,NA,NA,NA,NA,NA,NA,NA,NA,NA,NA,NA,NA,NA,NA,NA,NA,NA,NA,NA,NA,NA,NA,NA,NA,NA,NA,NA,NA,NA,NA,NA,NA,NA,NA,NA,NA,NA,NA,NA,NA,NA,NA,NA,NA,NA,NA,NA,NA,NA,NA,NA,NA,NA,NA,NA,NA,NA,NA,NA,NA,NA,NA,NA,NA,NA,NA,NA,NA,NA
204p1t2,FSUS,1,1,Before,T2,14,Male,Black or African American,3 to 4 times a week,Yes,A,15.92,8,8,16,B,17.13,2,1,3,-13,-6,-7,4.8,4.75,4.75,5,3.5,1,1,0,0,1,0,1,0,1,0,1,1,0,1,1,1,1,0,1,0,0,1,0,0,0,1,1,1,0,0,0,0,0,0,0,0,1,1,0,0,0,0,0,0,0,1,0,0,0,0,0,0,0,0,0,0,4,5,1,3,3,5,4,4,2,3,2,5,3,6,3,4,4,3,7,5,6,6,5,5,12,626.75,3,0,9,4,5,8,124.85714285714286,1,2,4,0,0,1,40,25,0,21,0,201,42
008p1t2,Summer Camp,1,1,Before,T2,16,Male,Black or African American,Everyday,Yes,A,55.43,3,3,6,B,29.58,5,3,8,2,2,0,4.4,3.5,4.5,3.33,3,0,0,0,0,0,0,0,1,0,0,0,1,1,0,0,1,0,0,0,0,0,0,1,0,0,0,1,0,0,0,0,0,0,1,0,0,1,1,0,1,1,0,0,1,0,0,0,0,1,0,0,0,1,0,0,0,4,4,4,3,5,4,3,3,4,4,2,5,5,2,7,7,4,2,4,5,4,6,3,1,13,327.15384615384613,2,0,11,1,3.076923076923077,7,148.5,2,3,1,0,1,0,23,3,0,59,0,133,98
084p3t0,Summer Camp,1,1,Control,Control,15,Female,Black or African American,3 to 4 times a week,Yes,A,14.33,7,9,16,NA,NA,NA,NA,NA,NA,NA,NA,NA,NA,NA,NA,NA,0,0,1,1,0,0,0,1,1,1,0,1,0,1,0,1,0,0,0,1,1,1,0,1,1,1,1,1,NA,NA,NA,NA,NA,NA,NA,NA,NA,NA,NA,NA,NA,NA,NA,NA,NA,NA,NA,NA,NA,NA,NA,NA,NA,NA,NA,NA,NA,NA,NA,NA,NA,NA,NA,NA,NA,NA,NA,NA,NA,NA,NA,NA,NA,NA,NA,NA,NA,NA,NA,NA,3,243.33333333333334,1,0,2,0,6.666666666666667,0,NA,0,0,0,0,0,0,11,0,0,0,0,45,10
048p2t2,Summer Camp,1,1,After,T2,14,Male,White,Everyday,NA,A,36.25,8,7,15,NA,NA,NA,NA,NA,NA,NA,NA,NA,NA,NA,NA,NA,1,1,1,1,0,0,1,1,0,0,1,0,1,0,0,1,0,0,0,0,1,1,0,0,1,1,1,1,NA,NA,NA,NA,NA,NA,NA,NA,NA,NA,NA,NA,NA,NA,NA,NA,NA,NA,NA,NA,NA,NA,NA,NA,NA,NA,NA,NA,NA,NA,NA,NA,NA,NA,NA,NA,NA,NA,NA,NA,NA,NA,NA,NA,NA,NA,NA,NA,NA,NA,NA,NA,1,354,0,0,1,0,0,0,NA,0,0,0,0,0,0,0,0,0,0,0,0,0
015p1t1,Summer Camp,1,1,Before,T1,17,Female,Hispanic,Once a week,Yes,A,17.9,6,7,13,B,26.67,11,8,19,6,5,1,7,4.75,7,4.33,7,0,0,1,1,1,0,0,0,1,0,0,1,0,1,1,1,0,0,1,0,0,1,0,1,0,1,0,1,1,1,1,1,1,0,1,0,1,1,0,1,1,1,1,1,0,0,1,0,1,1,0,1,1,1,0,0,7,7,1,1,7,4,2,7,2,7,1,7,1,1,2,6,7,7,7,7,6,7,7,6,16,1560.4375,1,4,11,7,3.75,18,61,1,2,1,1,8,5,129,10,6,53,3,845,251
056p2t2,Summer Camp,1,1,After,T2,16,Female,Black or African American,3 to 4 times a week,NA,A,24.08,10,10,20,NA,NA,NA,NA,NA,NA,NA,NA,NA,NA,NA,NA,NA,1,1,0,0,1,0,1,1,0,1,1,1,1,1,0,1,1,0,1,1,1,1,0,1,1,1,1,0,NA,NA,NA,NA,NA,NA,NA,NA,NA,NA,NA,NA,NA,NA,NA,NA,NA,NA,NA,NA,NA,NA,NA,NA,NA,NA,NA,NA,NA,NA,NA,NA,NA,NA,NA,NA,NA,NA,NA,NA,NA,NA,NA,NA,NA,NA,NA,NA,NA,NA,NA,NA,NA,NA,NA,NA,NA,NA,NA,NA,NA,NA,NA,NA,NA,NA,NA,NA,NA,NA,NA,NA,NA,NA
123p2t1,After School,1,1,After,T1,13,Female,White,Once a month or less,Yes,A,18.32,8,9,17,NA,NA,NA,NA,NA,NA,NA,NA,NA,NA,NA,NA,NA,1,1,0,0,1,0,0,1,1,0,0,1,1,1,1,0,0,1,1,0,1,1,1,1,0,0,1,1,NA,NA,NA,NA,NA,NA,NA,NA,NA,NA,NA,NA,NA,NA,NA,NA,NA,NA,NA,NA,NA,NA,NA,NA,NA,NA,NA,NA,NA,NA,NA,NA,NA,NA,NA,NA,NA,NA,NA,NA,NA,NA,NA,NA,NA,NA,NA,NA,NA,NA,NA,NA,NA,NA,NA,NA,NA,NA,NA,NA,NA,NA,NA,NA,NA,NA,NA,NA,NA,NA,NA,NA,NA,NA
035p2t1,Summer Camp,1,1,After,T1,16,Male,Black or African American,Everyday,Yes,B,15.77,10,6,16,NA,NA,NA,NA,NA,NA,NA,NA,NA,NA,NA,NA,NA,1,1,0,1,1,0,1,1,1,0,1,1,1,0,1,1,0,0,0,0,1,0,0,1,0,1,0,1,NA,NA,NA,NA,NA,NA,NA,NA,NA,NA,NA,NA,NA,NA,NA,NA,NA,NA,NA,NA,NA,NA,NA,NA,NA,NA,NA,NA,NA,NA,NA,NA,NA,NA,NA,NA,NA,NA,NA,NA,NA,NA,NA,NA,NA,NA,NA,NA,NA,NA,NA,NA,23,352,3,2,18,15,3.4782608695652173,17,177,4,5,0,2,3,3,37,15,40,84,9,293,155
157p3t0,After School,1,1,Control,Control,15,Male,Asian,3 to 4 times a week,Yes,B,16.52,9,5,14,NA,NA,NA,NA,NA,NA,NA,NA,NA,NA,NA,NA,NA,0,1,0,1,1,1,0,0,1,1,1,1,0,1,1,1,0,0,0,0,1,0,0,1,0,0,0,1,NA,NA,NA,NA,NA,NA,NA,NA,NA,NA,NA,NA,NA,NA,NA,NA,NA,NA,NA,NA,NA,NA,NA,NA,NA,NA,NA,NA,NA,NA,NA,NA,NA,NA,NA,NA,NA,NA,NA,NA,NA,NA,NA,NA,NA,NA,NA,NA,NA,NA,NA,NA,4,628,1,0,3,1,5,1,NA,0,0,0,0,0,1,48,13,0,12,1,278,93
120p1t2,After School,1,1,Before,T2,14,Male,Asian,Everyday,Yes,B,21.75,13,10,23,NA,NA,NA,NA,NA,NA,NA,NA,NA,NA,NA,NA,NA,0,1,1,1,1,1,1,1,1,1,1,1,1,1,1,1,0,0,1,1,1,0,1,1,1,1,0,1,NA,NA,NA,NA,NA,NA,NA,NA,NA,NA,NA,NA,NA,NA,NA,NA,NA,NA,NA,NA,NA,NA,NA,NA,NA,NA,NA,NA,NA,NA,NA,NA,NA,NA,NA,NA,NA,NA,NA,NA,NA,NA,NA,NA,NA,NA,NA,NA,NA,NA,NA,NA,10,332.1,3,2,5,3,8,6,46,1,2,2,0,1,0,84,7,34,41,23,347,175
399p3t0,HCR,1,1,Control,Control,14,Female,White,Once a month or less,Yes,A,NA,9,7,16,NA,NA,NA,NA,NA,NA,NA,NA,NA,NA,NA,NA,NA,1,0,0,1,1,1,1,0,1,1,0,0,1,1,0,1,0,0,0,0,1,0,0,1,1,1,1,1,NA,NA,NA,NA,NA,NA,NA,NA,NA,NA,NA,NA,NA,NA,NA,NA,NA,NA,NA,NA,NA,NA,NA,NA,NA,NA,NA,NA,NA,NA,NA,NA,NA,NA,NA,NA,NA,NA,NA,NA,NA,NA,NA,NA,NA,NA,NA,NA,NA,NA,NA,NA,9,118.66666666666667,0,1,8,0,1.1111111111111112,1,NA,0,0,0,0,1,0,26,8,0,9,1,173,21
398p3t0,HCR,1,1,Control,Control,13,Female,White,Once a month or less,Yes,A,NA,10,8,18,NA,NA,NA,NA,NA,NA,NA,NA,NA,NA,NA,NA,NA,1,1,1,1,0,1,0,1,1,0,1,1,0,1,1,1,1,0,1,0,0,1,1,0,0,0,1,1,NA,NA,NA,NA,NA,NA,NA,NA,NA,NA,NA,NA,NA,NA,NA,NA,NA,NA,NA,NA,NA,NA,NA,NA,NA,NA,NA,NA,NA,NA,NA,NA,NA,NA,NA,NA,NA,NA,NA,NA,NA,NA,NA,NA,NA,NA,NA,NA,NA,NA,NA,NA,18,87.77777777777777,3,1,14,5,3.888888888888889,13,NA,0,0,0,0,13,0,40,18,2,46,6,161,48
394p3t0,HCR,1,1,Control,Control,14,Female,Black or African American,3 to 4 times a week,Yes,A,NA,8,8,16,NA,NA,NA,NA,NA,NA,NA,NA,NA,NA,NA,NA,NA,1,1,0,0,1,0,0,1,0,0,1,1,1,1,0,1,1,0,1,1,1,0,0,1,0,0,1,1,NA,NA,NA,NA,NA,NA,NA,NA,NA,NA,NA,NA,NA,NA,NA,NA,NA,NA,NA,NA,NA,NA,NA,NA,NA,NA,NA,NA,NA,NA,NA,NA,NA,NA,NA,NA,NA,NA,NA,NA,NA,NA,NA,NA,NA,NA,NA,NA,NA,NA,NA,NA,53,417.07547169811323,2,4,47,29,1.509433962264151,25,NA,0,0,0,0,22,3,137,4,2,56,1,367,340
393p3t0,HCR,1,1,Control,Control,14,Female,White,NA,Yes,B,NA,10,12,22,A,NA,11,8,19,-3,1,-4,6.2,6,6,7,7,0,1,1,0,1,1,1,1,1,0,1,1,0,1,1,1,1,0,1,1,1,0,1,1,1,1,1,1,1,1,1,1,1,0,1,1,1,1,0,1,0,1,1,1,0,0,1,1,1,0,0,0,1,0,1,1,NA,NA,NA,NA,NA,NA,NA,NA,NA,NA,NA,NA,NA,NA,NA,NA,NA,NA,NA,NA,NA,NA,NA,NA,59,643.5084745762712,8,10,41,31,4.406779661016949,31,NA,0,0,0,0,23,8,295,236,13,25,13,1312,287
387p3t0,HCR,1,1,Control,Control,13,Female,White,NA,Yes,B,NA,6,6,12,NA,NA,NA,NA,NA,NA,NA,NA,NA,NA,NA,NA,NA,1,0,0,0,1,1,1,0,1,0,0,0,1,0,0,0,1,1,0,0,0,1,0,0,1,1,0,1,NA,NA,NA,NA,NA,NA,NA,NA,NA,NA,NA,NA,NA,NA,NA,NA,NA,NA,NA,NA,NA,NA,NA,NA,NA,NA,NA,NA,NA,NA,NA,NA,NA,NA,NA,NA,NA,NA,NA,NA,NA,NA,NA,NA,NA,NA,NA,NA,NA,NA,NA,NA,6,37.5,2,0,4,0,6.666666666666667,0,NA,0,0,0,0,0,0,1,0,0,27,0,30,8
386p2t2,HCR,1,1,After,T2,14,Female,Hispanic,3 to 4 times a week,Yes,A,NA,6,5,11,NA,NA,NA,NA,NA,NA,NA,NA,NA,NA,NA,NA,NA,1,0,1,1,0,0,0,0,0,1,0,1,0,1,0,1,0,0,0,0,0,1,0,1,0,0,1,1,NA,NA,NA,NA,NA,NA,NA,NA,NA,NA,NA,NA,NA,NA,NA,NA,NA,NA,NA,NA,NA,NA,NA,NA,NA,NA,NA,NA,NA,NA,NA,NA,NA,NA,NA,NA,NA,NA,NA,NA,NA,NA,NA,NA,NA,NA,NA,NA,NA,NA,NA,NA,15,272.06666666666666,5,2,8,5,8,6,56,3,1,2,0,0,0,60,16,0,44,5,200,54
380p2t2,HCR,1,1,After,T2,14,Female,White,NA,Yes,B,NA,8,5,13,A,NA,9,5,14,1,1,0,6.4,2.75,7,4,7,1,0,1,1,0,0,0,1,1,0,1,1,1,0,0,1,0,1,1,0,1,0,0,1,0,0,0,0,1,1,0,1,0,0,1,1,1,1,0,1,1,0,0,0,0,0,1,0,0,1,1,0,1,0,1,0,NA,NA,NA,NA,NA,NA,NA,NA,NA,NA,NA,NA,NA,NA,NA,NA,NA,NA,NA,NA,NA,NA,NA,NA,62,11116.870967741936,4,1,57,35,1.4516129032258065,117,1499.103448275862,11,14,1,5,56,30,121,40,15,51,23,589,331
379p2t1,HCR,1,1,After,T1,14,Female,White,NA,Yes,B,NA,5,7,12,A,NA,10,8,18,6,5,1,4.2,4,6.5,4,5,0,1,0,1,1,0,0,0,1,0,0,1,0,0,1,1,0,0,1,0,0,0,0,1,1,0,1,1,1,1,1,0,1,0,1,1,1,1,0,1,0,1,1,1,1,0,1,0,0,1,1,0,0,0,1,1,NA,NA,NA,NA,NA,NA,NA,NA,NA,NA,NA,NA,NA,NA,NA,NA,NA,NA,NA,NA,NA,NA,NA,NA,13,2956.769230769231,1,1,11,3,2.3076923076923075,14,2231.6666666666665,2,3,1,1,6,1,62,8,3,50,0,240,135
378p2t1,HCR,1,1,After,T1,13,Female,White,NA,Yes,B,NA,10,6,16,NA,NA,NA,NA,NA,NA,NA,NA,NA,NA,NA,NA,NA,1,1,1,0,1,1,0,0,1,1,0,1,1,1,1,1,0,0,0,0,0,0,0,1,1,0,1,1,NA,NA,NA,NA,NA,NA,NA,NA,NA,NA,NA,NA,NA,NA,NA,NA,NA,NA,NA,NA,NA,NA,NA,NA,NA,NA,NA,NA,NA,NA,NA,NA,NA,NA,NA,NA,NA,NA,NA,NA,NA,NA,NA,NA,NA,NA,NA,NA,NA,NA,NA,NA,20,4704.35,1,0,19,8,1,12,708.375,3,2,1,2,3,1,60,9,14,132,8,286,214
372p1t2,HCR,1,1,Before,T2,14,Female,White,NA,Yes,B,NA,9,7,16,NA,NA,NA,NA,NA,NA,NA,NA,NA,NA,NA,NA,NA,1,1,1,1,1,1,1,0,0,0,1,1,0,0,1,1,0,0,1,0,0,0,0,1,1,1,1,0,NA,NA,NA,NA,NA,NA,NA,NA,NA,NA,NA,NA,NA,NA,NA,NA,NA,NA,NA,NA,NA,NA,NA,NA,NA,NA,NA,NA,NA,NA,NA,NA,NA,NA,NA,NA,NA,NA,NA,NA,NA,NA,NA,NA,NA,NA,NA,NA,NA,NA,NA,NA,29,12004.241379310344,7,8,14,12,7.586206896551724,27,57,5,7,1,1,8,5,245,18,45,70,8,875,611
371p1t2,HCR,1,1,Before,T2,13,Female,White,Never,Yes,A,NA,5,7,12,B,NA,5,1,6,-6,0,-6,5,4,4,4,4,0,1,0,0,1,0,0,0,0,0,1,0,1,1,0,1,1,0,1,0,1,1,0,1,0,0,1,0,1,0,0,1,0,0,1,0,0,0,1,0,0,1,0,0,0,0,0,0,0,0,0,0,0,0,1,0,NA,NA,NA,NA,NA,NA,NA,NA,NA,NA,NA,NA,NA,NA,NA,NA,NA,NA,NA,NA,NA,NA,NA,NA,10,297.8,3,1,6,3,7,7,197,1,2,1,0,3,0,46,2,1,43,0,153,81
370p1t2,HCR,1,1,Before,T2,13,Female,White,NA,Yes,B,NA,8,5,13,A,NA,11,8,19,6,3,3,3.6,2.5,5.75,2.67,3,0,1,1,1,1,1,0,0,1,0,1,1,0,0,1,1,0,1,1,0,0,0,0,1,0,0,0,0,1,1,1,1,1,0,1,1,1,0,0,1,1,1,1,1,0,0,1,0,1,1,1,1,0,0,1,0,NA,NA,NA,NA,NA,NA,NA,NA,NA,NA,NA,NA,NA,NA,NA,NA,NA,NA,NA,NA,NA,NA,NA,NA,17,1408.5294117647059,1,1,15,3,1.7647058823529411,23,67.33333333333333,2,3,1,0,14,3,65,14,29,15,8,390,451
369p1t2,HCR,1,1,Before,T2,14,Female,White,NA,Yes,B,NA,8,8,16,A,NA,8,6,14,-2,0,-2,4.6,3.75,7,3.33,4.5,1,1,1,1,1,0,0,1,1,0,0,1,0,0,0,0,1,0,1,0,1,0,0,1,1,1,1,1,1,1,0,1,1,0,1,1,0,0,0,1,1,0,0,1,0,0,1,0,1,0,0,1,1,0,1,0,NA,NA,NA,NA,NA,NA,NA,NA,NA,NA,NA,NA,NA,NA,NA,NA,NA,NA,NA,NA,NA,NA,NA,NA,19,1975.9473684210527,5,3,11,5,6.842105263157895,19,56.72727272727273,4,5,1,1,6,2,119,52,2,330,4,712,489
367p1t2,HCR,1,1,Before,T2,13,Female,White,Once a week,Yes,A,NA,7,11,18,B,NA,12,6,18,0,5,-5,6.4,4.75,6.5,4,5.5,1,0,0,0,1,0,0,1,1,1,1,0,0,1,1,1,1,1,1,0,1,1,0,1,0,1,1,1,1,1,1,1,1,0,1,1,1,0,1,1,1,1,1,1,0,0,1,0,0,0,0,1,1,0,0,1,NA,NA,NA,NA,NA,NA,NA,NA,NA,NA,NA,NA,NA,NA,NA,NA,NA,NA,NA,NA,NA,NA,NA,NA,28,321.4642857142857,8,2,18,13,6.428571428571429,19,50.333333333333336,4,6,3,2,3,1,89,9,8,48,8,363,422
366p1t1,HCR,1,1,Before,T1,14,Female,White,NA,Yes,B,NA,11,9,20,A,NA,11,10,21,1,0,1,6,4,5.75,3.67,6,1,1,1,1,1,1,1,0,1,0,1,1,1,0,1,1,1,0,1,0,1,0,0,1,0,1,1,1,1,0,1,1,1,0,1,1,1,1,0,1,1,1,1,1,1,0,1,0,1,1,0,1,0,1,1,1,NA,NA,NA,NA,NA,NA,NA,NA,NA,NA,NA,NA,NA,NA,NA,NA,NA,NA,NA,NA,NA,NA,NA,NA,23,585.695652173913,4,1,18,13,3.9130434782608696,42,49.2,3,4,2,1,10,22,66,10,3,49,6,276,173
364p1t1,HCR,1,1,Before,T1,13,Female,PNS,Never,Yes,A,NA,9,7,16,B,NA,12,6,18,2,3,-1,6.2,5,6.5,3.33,6.5,0,1,0,0,1,0,1,1,1,0,1,1,1,1,0,1,1,0,1,0,0,1,0,1,0,1,0,1,1,1,1,1,1,1,1,1,1,0,0,1,1,1,1,1,0,0,1,0,1,0,0,1,0,0,0,1,NA,NA,NA,NA,NA,NA,NA,NA,NA,NA,NA,NA,NA,NA,NA,NA,NA,NA,NA,NA,NA,NA,NA,NA,14,1851,3,3,8,4,6.428571428571429,22,50.142857142857146,1,4,1,1,11,4,139,7,1,28,1,487,287
362p1t1,HCR,1,1,Before,T1,13,Female,White,NA,Yes,B,NA,5,6,11,A,NA,9,9,18,7,4,3,6.6,5.75,7,6.33,6.5,0,1,1,0,0,1,1,0,0,0,0,1,0,0,1,1,0,1,1,0,0,0,0,1,1,0,0,0,0,1,1,1,0,0,1,1,1,1,0,1,0,1,1,0,1,1,1,0,1,1,1,0,1,0,1,0,NA,NA,NA,NA,NA,NA,NA,NA,NA,NA,NA,NA,NA,NA,NA,NA,NA,NA,NA,NA,NA,NA,NA,NA,9,142,1,3,5,1,5.555555555555555,8,53,1,3,1,1,1,1,15,1,3,24,0,75,79
361p1t1,HCR,1,1,Before,T1,13,Female,White,3 to 4 times a week,Yes,A,NA,5,9,14,B,NA,13,8,21,7,8,-1,6,5.5,5.25,3,5,0,1,0,1,0,0,0,1,0,0,0,1,0,1,1,0,1,0,1,1,0,1,1,1,0,0,1,1,1,1,1,1,1,1,1,1,1,1,0,1,1,1,1,1,0,0,1,1,1,0,0,1,1,0,0,1,NA,NA,NA,NA,NA,NA,NA,NA,NA,NA,NA,NA,NA,NA,NA,NA,NA,NA,NA,NA,NA,NA,NA,NA,22,1146.8636363636363,10,5,7,1,11.363636363636363,16,52.72727272727273,3,5,2,1,4,1,72,38,11,62,12,429,155
396p3t0,HCR,1,1,Control,Control,14,Female,White,Once a month or less,Yes,A,NA,9,10,19,NA,NA,NA,NA,NA,NA,NA,NA,NA,NA,NA,NA,NA,0,1,0,1,1,0,0,1,1,1,1,1,0,1,1,1,1,0,1,0,1,1,1,0,1,0,1,1,NA,NA,NA,NA,NA,NA,NA,NA,NA,NA,NA,NA,NA,NA,NA,NA,NA,NA,NA,NA,NA,NA,NA,NA,NA,NA,NA,NA,NA,NA,NA,NA,NA,NA,NA,NA,NA,NA,NA,NA,NA,NA,NA,NA,NA,NA,NA,NA,NA,NA,NA,NA,NA,NA,NA,NA,NA,NA,NA,NA,NA,NA,NA,NA,NA,NA,NA,NA,NA,NA,NA,NA,NA,NA
384p2t2,HCR,1,1,After,T2,13,Female,White,Once a month or less,Yes,A,NA,10,7,17,B,NA,12,9,21,4,2,2,4.6,3,6,4,4,0,0,1,1,1,0,1,1,1,1,0,1,1,1,1,1,0,0,1,0,0,1,1,1,0,0,1,0,0,1,1,1,1,1,1,1,1,0,1,1,1,1,1,1,0,0,1,1,1,0,0,1,1,1,0,1,NA,NA,NA,NA,NA,NA,NA,NA,NA,NA,NA,NA,NA,NA,NA,NA,NA,NA,NA,NA,NA,NA,NA,NA,23,1963.695652173913,2,0,21,13,1.7391304347826086,19,36.75,2,2,1,0,10,4,27,10,4,160,2,212,111
375p2t1,HCR,1,1,After,T1,14,Female,White,3 to 4 times a week,Yes,NA,NA,NA,NA,NA,NA,NA,NA,NA,NA,NA,NA,NA,NA,NA,NA,NA,NA,NA,NA,NA,NA,NA,NA,NA,NA,NA,NA,NA,NA,NA,NA,NA,NA,NA,NA,NA,NA,NA,NA,NA,NA,NA,NA,NA,NA,NA,NA,NA,NA,NA,NA,NA,NA,NA,NA,NA,NA,NA,NA,NA,NA,NA,NA,NA,NA,NA,NA,NA,NA,NA,NA,NA,NA,NA,NA,NA,NA,NA,NA,NA,NA,NA,NA,NA,NA,NA,NA,NA,NA,NA,NA,NA,NA,NA,NA,NA,NA,NA,NA,NA,NA,NA,NA,NA,NA,NA,NA,NA,NA,NA,NA,NA,NA,NA,NA,NA,NA,NA,NA
373p1t2,HCR,1,1,Before,T2,13,Female,White,Once a week,Yes,A,NA,5,7,12,NA,NA,NA,NA,NA,NA,NA,NA,NA,NA,NA,NA,NA,0,1,0,0,0,0,0,0,1,0,1,1,0,1,1,0,0,0,1,1,0,0,1,1,0,0,1,1,NA,NA,NA,NA,NA,NA,NA,NA,NA,NA,NA,NA,NA,NA,NA,NA,NA,NA,NA,NA,NA,NA,NA,NA,NA,NA,NA,NA,NA,NA,NA,NA,NA,NA,NA,NA,NA,NA,NA,NA,NA,NA,NA,NA,NA,NA,NA,NA,NA,NA,NA,NA,NA,NA,NA,NA,NA,NA,NA,NA,NA,NA,NA,NA,NA,NA,NA,NA,NA,NA,NA,NA,NA,NA
